datetime,test case,p,mesh family,fine m,solvers m,coarse m,solver,random rhs,solution warmup steps,solution measurement steps,solution repetitions,exception,residual norm,metadata,setup metadata,solve times,matrix and DOF map copy times,matrix permute times,solver setup times,rhs copy and permute times,solution permute and copy times
2025-12-11T12:43:27.198507+00:00,continuous coefficient 2D,1,"uniform(2D,12)",S12,S10,S10,"CG(AdditiveSchwarz(torch.float32, Inv(torch.float16), CUDSS, const_dofs_per_coarse=False), bsr_matmul=True)",False,0,1,10,"CUDA out of memory. Tried to allocate 18.00 GiB. GPU 0 has a total capacity of 79.25 GiB of which 7.31 GiB is free. Process 2868647 has 71.93 GiB memory in use. Of the allocated memory 70.51 GiB is allocated by PyTorch, and 153.09 MiB is reserved by PyTorch but unallocated. If reserved but unallocated memory is large try setting PYTORCH_CUDA_ALLOC_CONF=expandable_segments:True to avoid fragmentation.  See documentation for Memory Management  (https://pytorch.org/docs/stable/notes/cuda.html#environment-variables)",,,,,,,,,
2025-12-11T12:43:37.146983+00:00,continuous coefficient 2D,1,"uniform(2D,12)",S12,S10,S10,"CG(HybridSchwarz(torch.float64, Inv(torch.float16), CUDSS), bsr_matmul=True)",False,0,1,10,"CUDA out of memory. Tried to allocate 36.00 GiB. GPU 0 has a total capacity of 79.25 GiB of which 25.60 GiB is free. Process 2868647 has 53.64 GiB memory in use. Of the allocated memory 51.41 GiB is allocated by PyTorch, and 749.11 MiB is reserved by PyTorch but unallocated. If reserved but unallocated memory is large try setting PYTORCH_CUDA_ALLOC_CONF=expandable_segments:True to avoid fragmentation.  See documentation for Memory Management  (https://pytorch.org/docs/stable/notes/cuda.html#environment-variables)",,,,,,,,,
2025-12-11T12:44:21.513518+00:00,continuous coefficient 2D,1,"uniform(2D,12)",S12,S11,S10,"CG(AdditiveSchwarz(torch.float32, Inv(torch.float16), CUDSS, const_dofs_per_coarse=False), bsr_matmul=True)",False,0,1,10,,2.686509013042238e-11,"{'iterations': 84, 'residual norms': [0.027077948860412045, 8.147330382911267, 7.2728537184495465, 10.37451231063824, 5.4636256723167085, 3.207004528727288, 3.1015436365085143, 1.439580716710229, 1.1191151438055342, 0.5563936790961819, 0.32058570104014944, 0.12914467154118142, 0.0910082279594836, 0.04335977429007715, 0.017008540359279685, 0.011077592808834932, 0.011951048398044528, 0.011638525505457869, 0.00939504848847317, 0.008144056261778915, 0.004893251096277699, 0.0028102886092324906, 0.0033579491657775955, 0.002991187919088423, 0.0019585789450881513, 0.0014225479269065141, 0.0007221494012265066, 0.00038624557388513024, 0.0003841646318795703, 0.00031740567467092204, 0.00023413087157796958, 0.00012109321013233941, 0.0001010742511660101, 7.802762171313173e-05, 5.767527044091216e-05, 4.7073186138813715e-05, 3.5927645852514797e-05, 3.5634904239224145e-05, 3.58065124461981e-05, 1.862153846506538e-05, 1.0353670241932791e-05, 7.144438592658535e-06, 4.9271758394897495e-06, 4.6907766783285145e-06, 3.8842013333761585e-06, 2.458454552473209e-06, 1.2380366897776087e-06, 7.768723835700909e-07, 5.9401644474049e-07, 7.52966286960481e-07, 4.854653145462418e-07, 3.242161922051812e-07, 3.0057482909395797e-07, 2.790438877362727e-07, 2.0087641350872086e-07, 1.3390715437231393e-07, 8.315515141585765e-08, 7.66143170622672e-08, 5.339788445400375e-08, 4.296246770361597e-08, 3.747353757125083e-08, 1.9346629287505093e-08, 1.2240627442298687e-08, 8.840443102191442e-09, 8.177256326343213e-09, 6.659046571453856e-09, 5.041973966692488e-09, 3.7833401397176015e-09, 2.66619925294605e-09, 1.7088411196759858e-09, 1.4227199914951635e-09, 1.5500478536412937e-09, 1.322734122845683e-09, 8.093857294471512e-10, 5.567169770317347e-10, 4.386787804564131e-10, 3.6570968861118654e-10, 2.3690393164186207e-10, 1.3912515012803706e-10, 9.595029782917785e-11, 6.404256404571715e-11, 4.0025095846162e-11, 3.733882628441424e-11, 2.9033220598348392e-11, 2.5013930681648924e-11], 'preconditioner metadata': [{}, {}, {}, {}, {}, {}, {}, {}, {}, {}, {}, {}, {}, {}, {}, {}, {}, {}, {}, {}, {}, {}, {}, {}, {}, {}, {}, {}, {}, {}, {}, {}, {}, {}, {}, {}, {}, {}, {}, {}, {}, {}, {}, {}, {}, {}, {}, {}, {}, {}, {}, {}, {}, {}, {}, {}, {}, {}, {}, {}, {}, {}, {}, {}, {}, {}, {}, {}, {}, {}, {}, {}, {}, {}, {}, {}, {}, {}, {}, {}, {}, {}, {}, {}]}",,"[6617.533203125, 2547.80908203125, 2551.950927734375, 2551.586181640625, 2551.38720703125, 2548.0126953125, 2553.016357421875, 2547.934326171875, 2548.327392578125, 2553.590576171875]",[2526.265380859375],[3038.561279296875],[4376.396484375],[510.8062438964844],[408.0047912597656]
2025-12-11T12:44:57.751374+00:00,continuous coefficient 2D,1,"uniform(2D,12)",S12,S11,S10,"CG(HybridSchwarz(torch.float64, Inv(torch.float16), CUDSS), bsr_matmul=True)",False,0,1,10,,2.4084958808789704e-11,"{'iterations': 69, 'residual norms': [8.147187566005112, 7.610039295788171, 8.699782489254915, 4.514579978370821, 3.1748924104971024, 2.0208995740083546, 1.3936342224916494, 0.5836141558613828, 0.2861831162134657, 0.15394311517746773, 0.07168484968278624, 0.03337644509015701, 0.017141806572749534, 0.013024507151022106, 0.014522231784921047, 0.011425961079755477, 0.005721251190821287, 0.003874956617671053, 0.0024409588147352823, 0.0020571573896831447, 0.001855167292649462, 0.0009694653918209229, 0.0005353024561482553, 0.000310466183899336, 0.0003163278728017378, 0.0002353272944590656, 0.00011900868013737351, 5.991359627233507e-05, 6.446392221005091e-05, 4.2743384622595926e-05, 2.5708876379952412e-05, 2.9785635818347855e-05, 2.1562413107343826e-05, 7.973966835390795e-06, 3.724357500233683e-06, 3.546643367646895e-06, 2.7552397007799178e-06, 1.3094519367874669e-06, 9.558470402609272e-07, 6.834098479348498e-07, 6.500258852549422e-07, 5.276306878277573e-07, 3.848542267121142e-07, 2.0534344972617874e-07, 1.2979587210634837e-07, 1.1622074793144273e-07, 6.95468187001619e-08, 4.89802732995121e-08, 3.603167660647214e-08, 2.296866095515306e-08, 1.7289584554362885e-08, 1.4005527027845922e-08, 7.487279863370693e-09, 5.2993250010769025e-09, 3.434523446292758e-09, 3.2059267273629304e-09, 2.6640196664063813e-09, 1.9719571556880457e-09, 1.2062081098849332e-09, 6.910328722851892e-10, 6.850392567104182e-10, 4.304981644997367e-10, 2.2041256743942497e-10, 1.614163746587084e-10, 8.977593910526005e-11, 6.501176563739008e-11, 4.983206998412957e-11, 3.6701766936850685e-11, 2.958345300126757e-11, 2.2347276116539018e-11], 'preconditioner metadata': [{}, {}, {}, {}, {}, {}, {}, {}, {}, {}, {}, {}, {}, {}, {}, {}, {}, {}, {}, {}, {}, {}, {}, {}, {}, {}, {}, {}, {}, {}, {}, {}, {}, {}, {}, {}, {}, {}, {}, {}, {}, {}, {}, {}, {}, {}, {}, {}, {}, {}, {}, {}, {}, {}, {}, {}, {}, {}, {}, {}, {}, {}, {}, {}, {}, {}, {}, {}, {}]}",,"[2333.699462890625, 2157.810791015625, 2157.778076171875, 2158.019287109375, 2158.088623046875, 2157.68212890625, 2157.7216796875, 2156.669677734375, 2157.111572265625, 2159.665283203125]",[2030.239013671875],[3110.489013671875],[7165.60546875],[482.4749755859375],[431.888671875]
2025-12-11T12:45:41.900207+00:00,continuous coefficient 2D,1,"uniform(2D,12)",S12,S12,S10,"CG(AdditiveSchwarz(torch.float32, Inv(torch.float16), CUDSS, const_dofs_per_coarse=False), bsr_matmul=True)",False,0,1,10,,2.357185351100159e-11,"{'iterations': 91, 'residual norms': [0.027077948860412045, 8.147361451227184, 6.6219398188041385, 8.230626292889287, 6.094228325479646, 4.247795690560364, 4.824225763126613, 3.450891349234689, 2.225859365614579, 1.5150479823839966, 1.1422857365865862, 0.7716528562461799, 0.6139139454853584, 0.36478054897524065, 0.20704832755502284, 0.09112667413836317, 0.05650279516185262, 0.02600871399449047, 0.01350481128923042, 0.008679492374270447, 0.006556807849582109, 0.007341685135120168, 0.007145357872625096, 0.0066483779297715805, 0.004406830938084919, 0.003547340726980944, 0.002062979979866806, 0.0017655729592761338, 0.0021420419721404987, 0.001906203192164571, 0.0015820409366942264, 0.0006943988578807498, 0.0004137023310426622, 0.0005843985888263095, 0.0002777225377820042, 0.0001736904335589482, 8.191980275457493e-05, 7.839548651384968e-05, 5.5899074717893244e-05, 3.389512882632376e-05, 1.3692134961201218e-05, 1.1606465644472406e-05, 1.2269772881581164e-05, 8.116719734647023e-06, 4.541603371290582e-06, 2.9477504824915257e-06, 2.257204146389878e-06, 1.555489422581165e-06, 1.2620290896623303e-06, 1.125346103527008e-06, 8.001662731363067e-07, 7.662980981248722e-07, 8.713753061666001e-07, 6.270011213180703e-07, 4.861413060443252e-07, 4.2952618189628106e-07, 3.7506129837398545e-07, 2.8936898378996163e-07, 2.2686393607825657e-07, 1.4471362760185318e-07, 8.398976577638947e-08, 6.644688519502088e-08, 5.486809601364215e-08, 3.6192122950554075e-08, 3.125028104652627e-08, 2.9226374925544047e-08, 2.286919333208704e-08, 1.7294980928760143e-08, 1.1170027657886889e-08, 7.270636198852987e-09, 4.121557166640566e-09, 2.725554881222714e-09, 2.1868867217899435e-09, 1.5777078154100903e-09, 1.3109303422400177e-09, 1.0897424027269487e-09, 8.650830628991423e-10, 6.019737228818944e-10, 5.013874085272989e-10, 4.085595255564508e-10, 3.7231020362275246e-10, 3.7036807083204466e-10, 3.13378696477769e-10, 2.774931379205852e-10, 2.3288008215503067e-10, 1.732133949928799e-10, 1.1858694765531952e-10, 8.229544740772433e-11, 6.030558800761471e-11, 4.179034799625018e-11, 3.1269505737899523e-11, 2.1287071044809648e-11], 'preconditioner metadata': [{}, {}, {}, {}, {}, {}, {}, {}, {}, {}, {}, {}, {}, {}, {}, {}, {}, {}, {}, {}, {}, {}, {}, {}, {}, {}, {}, {}, {}, {}, {}, {}, {}, {}, {}, {}, {}, {}, {}, {}, {}, {}, {}, {}, {}, {}, {}, {}, {}, {}, {}, {}, {}, {}, {}, {}, {}, {}, {}, {}, {}, {}, {}, {}, {}, {}, {}, {}, {}, {}, {}, {}, {}, {}, {}, {}, {}, {}, {}, {}, {}, {}, {}, {}, {}, {}, {}, {}, {}, {}, {}]}",,"[5053.072265625, 2726.30908203125, 2719.687744140625, 2719.749267578125, 2719.681640625, 2722.094482421875, 2719.93798828125, 2719.431640625, 2721.64990234375, 2720.45751953125]",[1951.7188720703125],[3457.35302734375],[4259.9599609375],[62.020992279052734],[383.8407897949219]
2025-12-11T12:46:26.276205+00:00,continuous coefficient 2D,1,"uniform(2D,12)",S12,S12,S10,"CG(HybridSchwarz(torch.float64, Inv(torch.float16), CUDSS), bsr_matmul=True)",False,0,1,10,,2.8070212442511577e-11,"{'iterations': 90, 'residual norms': [8.147187566005975, 7.159290621534552, 7.571367153445473, 5.038484572210742, 4.615039478301342, 4.900617137946819, 2.815015448628493, 1.8214145886909798, 1.454927980856989, 0.8205839162672367, 0.7775927040204231, 0.3466972435102448, 0.19167267687401843, 0.10020781413593678, 0.038501062773494084, 0.017955563533108183, 0.010776398358829485, 0.0066111528172573914, 0.011062428769901043, 0.008676939832384684, 0.004947173366074662, 0.0036059909050377664, 0.002368938362727173, 0.0019877031547185365, 0.00185727302016965, 0.001619586017599, 0.0015442961746039642, 0.0006796832414244806, 0.00043105490745479755, 0.0002822075752893652, 0.00027146354608310083, 9.609115939524304e-05, 9.300795659917743e-05, 0.00011232105978671812, 5.4351565818440565e-05, 4.65488410687305e-05, 6.174790481224325e-05, 4.708555822418199e-05, 2.733720471421713e-05, 1.7939197624798022e-05, 1.248438662780446e-05, 8.656965951576638e-06, 6.838746891549925e-06, 4.721705652544119e-06, 2.9064759921072566e-06, 2.707964241903463e-06, 1.8603793271040528e-06, 1.3506776110597156e-06, 1.2583241716670666e-06, 1.2075799282750175e-06, 1.1587543205251038e-06, 7.748219707323703e-07, 4.466429181361033e-07, 3.7578811852253225e-07, 3.6212459776863096e-07, 2.8341455041870687e-07, 2.3309233596783076e-07, 1.5748233784626213e-07, 1.0747351280345382e-07, 7.528583297367766e-08, 5.03212011959278e-08, 3.407305501735662e-08, 2.890470385211352e-08, 2.3002784296213928e-08, 1.662649366957126e-08, 1.4597416411969853e-08, 1.0532293993671766e-08, 9.871923678449564e-09, 8.695435545856924e-09, 7.014344553657565e-09, 5.857447903768378e-09, 4.424839055701587e-09, 2.9623164362153534e-09, 2.260055124536207e-09, 1.909866862257475e-09, 1.4897501359623436e-09, 1.0025180039099266e-09, 6.729274248378939e-10, 4.267455433968318e-10, 3.2948650001264794e-10, 2.425778642640679e-10, 1.6620523972003964e-10, 1.5690417181630438e-10, 1.4668543866695966e-10, 1.2918322359779125e-10, 1.0592867834516413e-10, 8.076088850495553e-11, 5.882417284442239e-11, 4.296542578379754e-11, 3.36720579729013e-11, 2.617453269627928e-11], 'preconditioner metadata': [{}, {}, {}, {}, {}, {}, {}, {}, {}, {}, {}, {}, {}, {}, {}, {}, {}, {}, {}, {}, {}, {}, {}, {}, {}, {}, {}, {}, {}, {}, {}, {}, {}, {}, {}, {}, {}, {}, {}, {}, {}, {}, {}, {}, {}, {}, {}, {}, {}, {}, {}, {}, {}, {}, {}, {}, {}, {}, {}, {}, {}, {}, {}, {}, {}, {}, {}, {}, {}, {}, {}, {}, {}, {}, {}, {}, {}, {}, {}, {}, {}, {}, {}, {}, {}, {}, {}, {}, {}, {}]}",,"[3094.3662109375, 2730.85400390625, 2728.017333984375, 2734.722412109375, 2728.53955078125, 2727.312744140625, 2729.352294921875, 2731.728759765625, 2728.697509765625, 2731.713134765625]",[1709.8118896484375],[3518.090087890625],[6786.55859375],[55.85795211791992],[367.6695861816406]
2025-12-11T12:47:27.001878+00:00,continuous coefficient 2D,1,"uniform(2D,12)",S12,S11,S11,"CG(AdditiveSchwarz(torch.float32, Inv(torch.float16), CUDSS, const_dofs_per_coarse=False), bsr_matmul=True)",False,0,1,10,,2.4598382444356918e-11,"{'iterations': 57, 'residual norms': [0.027077948860412045, 9.699085124505544, 8.741880270269055, 9.905542948654494, 2.641946303132765, 0.38000315344490065, 0.12644467722853966, 0.06471819140991412, 0.02602248202411314, 0.01013499348062291, 0.00836708574684655, 0.007357069520257649, 0.005082910885495444, 0.0038728448138698685, 0.002557901459151845, 0.0014320253069729965, 0.00128911166972247, 0.0008728064609912212, 0.0005230553472189476, 0.000227010114198932, 0.00011099575666700687, 8.024759799103671e-05, 8.971589312526071e-05, 7.133519185782587e-05, 2.5397400606992282e-05, 1.4605149070355811e-05, 7.423801438608828e-06, 4.877802098014453e-06, 3.2217037249577435e-06, 2.074984496609276e-06, 2.196334268580847e-06, 1.6020827984150582e-06, 9.230496557709562e-07, 5.453578197140641e-07, 3.3423297992147126e-07, 1.4761340546652447e-07, 9.34889878463107e-08, 6.982178893847027e-08, 5.678080943187592e-08, 4.5675792201023144e-08, 2.8278261593940407e-08, 1.8249146665689497e-08, 1.5378748727938213e-08, 1.1288969815118557e-08, 6.1004836489146716e-09, 3.368402716859167e-09, 2.0138278482248576e-09, 1.1677777486698598e-09, 7.729076626223218e-10, 6.330702692158108e-10, 5.218359248995209e-10, 4.348042159088576e-10, 2.551341920703217e-10, 1.290321689157477e-10, 8.204308686774947e-11, 5.0701665514891667e-11, 3.233876004441069e-11, 2.3190693488043175e-11], 'preconditioner metadata': [{}, {}, {}, {}, {}, {}, {}, {}, {}, {}, {}, {}, {}, {}, {}, {}, {}, {}, {}, {}, {}, {}, {}, {}, {}, {}, {}, {}, {}, {}, {}, {}, {}, {}, {}, {}, {}, {}, {}, {}, {}, {}, {}, {}, {}, {}, {}, {}, {}, {}, {}, {}, {}, {}, {}, {}, {}]}",,"[5785.90283203125, 3685.546142578125, 3684.14208984375, 3683.65380859375, 3683.79736328125, 3685.473876953125, 3684.21533203125, 3685.063720703125, 3684.424072265625, 3683.37158203125]",[2187.33837890625],[3174.078369140625],[13183.392578125],[64.22463989257812],[400.5873107910156]
2025-12-11T12:48:15.498442+00:00,continuous coefficient 2D,1,"uniform(2D,12)",S12,S11,S11,"CG(HybridSchwarz(torch.float64, Inv(torch.float16), CUDSS), bsr_matmul=True)",False,0,1,10,,2.3806226065648138e-11,"{'iterations': 40, 'residual norms': [9.69836267657862, 9.189431645104065, 4.2527228856605985, 0.7019911887304682, 0.2877999102862859, 0.07549251508831656, 0.023255981382405706, 0.011277781901575698, 0.010387533541634042, 0.004595650736070709, 0.0020996029924608803, 0.0010691884308529289, 0.0006502245011312108, 0.00046202807149036405, 0.0001509559581975564, 5.493572402712957e-05, 4.7633898544074374e-05, 3.903127168411866e-05, 1.3216931085544854e-05, 7.074330959678512e-06, 3.004156849809225e-06, 1.2573050879987276e-06, 9.876134143981265e-07, 5.265790951630717e-07, 3.5119420071404083e-07, 2.5012034350353387e-07, 1.2317064296172413e-07, 9.111152561827399e-08, 4.2606266386890494e-08, 2.0465770898611555e-08, 6.342358927367161e-09, 3.894195022622858e-09, 3.157871109066261e-09, 1.995072434610598e-09, 1.020099472875605e-09, 6.748864390422933e-10, 3.2209067889323275e-10, 1.911741339077171e-10, 9.931805506217123e-11, 4.337256638551717e-11, 2.2741064965317995e-11], 'preconditioner metadata': [{}, {}, {}, {}, {}, {}, {}, {}, {}, {}, {}, {}, {}, {}, {}, {}, {}, {}, {}, {}, {}, {}, {}, {}, {}, {}, {}, {}, {}, {}, {}, {}, {}, {}, {}, {}, {}, {}, {}, {}]}",,"[2419.96484375, 2351.130615234375, 2350.548583984375, 2350.614990234375, 2351.367431640625, 2350.701416015625, 2351.322265625, 2350.624267578125, 2350.434326171875, 2351.7236328125]",[1996.1943359375],[3187.163818359375],[15762.650390625],[573.130615234375],[627.923095703125]
2025-12-11T12:49:16.670785+00:00,continuous coefficient 2D,1,"uniform(2D,12)",S12,S12,S11,"CG(AdditiveSchwarz(torch.float32, Inv(torch.float16), CUDSS, const_dofs_per_coarse=False), bsr_matmul=True)",False,0,1,10,,1.7878002401484774e-11,"{'iterations': 61, 'residual norms': [0.027077948860412045, 9.69907055276639, 8.500195648823729, 8.2356581155196, 4.029643003300349, 0.9199224145997822, 0.36527697949021015, 0.12635495543776268, 0.04502315320250162, 0.032567839813826785, 0.01974012997550043, 0.007361956284382514, 0.0060353795238973955, 0.004020119380453876, 0.005607125038154646, 0.0017492593662532655, 0.0008757825397039959, 0.0007868747883986527, 0.0006430135892170493, 0.00020993989131316338, 0.00012735417408152587, 0.00010856098431138212, 9.342753637696694e-05, 6.227923881340441e-05, 4.110203893413573e-05, 3.130912225633457e-05, 1.4874820646163715e-05, 9.657271362151231e-06, 7.340499502250222e-06, 4.635712932204652e-06, 2.5554282493642263e-06, 1.7415487305494564e-06, 1.6201711416336732e-06, 1.1110288619277387e-06, 8.136591111838894e-07, 5.580652654112312e-07, 3.615755661933404e-07, 2.1354851251687833e-07, 1.512215499079022e-07, 1.1458124310395817e-07, 6.153301384786268e-08, 3.9334455650535746e-08, 2.792769259541948e-08, 1.9499409245133875e-08, 1.270716229136807e-08, 1.1472544524949812e-08, 7.788707042287402e-09, 5.1050164052994785e-09, 3.3539254983071348e-09, 2.5001413919742793e-09, 1.6384750774101688e-09, 9.413474156185336e-10, 6.049507229378191e-10, 3.7498615725017797e-10, 2.2171497161770595e-10, 1.8748927950282192e-10, 1.500892011918428e-10, 1.156015702820261e-10, 7.592112205824513e-11, 4.472191244462541e-11, 2.8144015506834732e-11, 1.5747064681862368e-11], 'preconditioner metadata': [{}, {}, {}, {}, {}, {}, {}, {}, {}, {}, {}, {}, {}, {}, {}, {}, {}, {}, {}, {}, {}, {}, {}, {}, {}, {}, {}, {}, {}, {}, {}, {}, {}, {}, {}, {}, {}, {}, {}, {}, {}, {}, {}, {}, {}, {}, {}, {}, {}, {}, {}, {}, {}, {}, {}, {}, {}, {}, {}, {}, {}]}",,"[4038.2197265625, 3928.950439453125, 3921.237548828125, 3921.990966796875, 3921.4306640625, 3921.85498046875, 3921.703857421875, 3921.234375, 3920.86279296875, 3921.17724609375]",[2486.13427734375],[3506.215576171875],[13289.7744140625],[400.5403747558594],[421.62933349609375]
2025-12-11T12:50:07.269849+00:00,continuous coefficient 2D,1,"uniform(2D,12)",S12,S12,S11,"CG(HybridSchwarz(torch.float64, Inv(torch.float16), CUDSS), bsr_matmul=True)",False,0,1,10,,2.1486538225123272e-11,"{'iterations': 46, 'residual norms': [9.69836267657864, 9.262870151209805, 6.276978778109135, 1.8972659584666158, 0.6680794196564206, 0.3051073850204211, 0.15664695004017873, 0.08837907971159524, 0.0219332585253258, 0.014916482988574726, 0.005851288185750286, 0.009912184723514182, 0.001995122042319631, 0.0006375319571530437, 0.0006779944413014397, 0.000307871464228665, 0.00012654071873644264, 7.748585892093406e-05, 5.040699719208569e-05, 2.1222502439064103e-05, 1.4113062025934322e-05, 8.384219377597417e-06, 5.4053601528600834e-06, 3.39226354926471e-06, 2.7963171669264152e-06, 1.8634322711225685e-06, 9.26862563150908e-07, 5.00742924863302e-07, 2.178692368533471e-07, 9.81713070008513e-08, 5.897975218477146e-08, 3.599264257773901e-08, 2.020878473902178e-08, 1.3819051620547338e-08, 9.033472845118173e-09, 5.227175278680008e-09, 3.912248822570723e-09, 2.579181653691194e-09, 1.4469886930963973e-09, 9.414541410445165e-10, 5.988033280076107e-10, 3.2642538272267163e-10, 1.8087428463149885e-10, 1.0171783592995253e-10, 5.240050060946625e-11, 2.818204353382428e-11, 2.0144228645091815e-11], 'preconditioner metadata': [{}, {}, {}, {}, {}, {}, {}, {}, {}, {}, {}, {}, {}, {}, {}, {}, {}, {}, {}, {}, {}, {}, {}, {}, {}, {}, {}, {}, {}, {}, {}, {}, {}, {}, {}, {}, {}, {}, {}, {}, {}, {}, {}, {}, {}, {}]}",,"[2713.5830078125, 2655.3017578125, 2651.62353515625, 2652.396484375, 2652.782470703125, 2652.17138671875, 2652.41162109375, 2651.3408203125, 2651.98828125, 2651.714111328125]",[1764.080810546875],[3529.25244140625],[15841.1923828125],[686.4260864257812],[394.87078857421875]
2025-12-11T12:52:44.184629+00:00,continuous coefficient 2D,1,"uniform(2D,12)",S12,S12,S12,"CG(AdditiveSchwarz(torch.float32, Inv(torch.float16), CUDSS, const_dofs_per_coarse=False), bsr_matmul=True)",False,0,1,10,,2.4672399463297427e-11,"{'iterations': 47, 'residual norms': [0.027077948860412045, 5.775031415837219, 10.09478774227382, 2.6317691107093046, 0.043353308813955944, 0.012475229876029508, 0.004236199140124028, 0.0019854209590849823, 0.001543868306270036, 0.0011248483917305166, 0.0008509138560580098, 0.00043536825920828884, 0.0002521607739245135, 0.00018036732674244876, 0.00011186612830231855, 8.405413115057286e-05, 4.1533135729779904e-05, 2.504294164325484e-05, 1.6103664759746562e-05, 8.491519150227275e-06, 6.627750191005313e-06, 3.5506222219962306e-06, 2.7939061942332016e-06, 1.2963991047144428e-06, 9.213475175447675e-07, 5.159997600803024e-07, 3.4909946147453266e-07, 2.390899965597322e-07, 1.4101644774201815e-07, 9.462643265088685e-08, 5.104099476250563e-08, 3.4714716869639706e-08, 2.0607174352174432e-08, 1.4239120410485667e-08, 8.801045376009645e-09, 5.842930435564281e-09, 3.5857590073964728e-09, 1.9969457871568527e-09, 1.3253368924246106e-09, 8.249908943249674e-10, 5.639721981907008e-10, 3.6647723033446317e-10, 2.160681261004712e-10, 1.291220985759532e-10, 8.045826865661533e-11, 5.4660804663507684e-11, 3.365093203568511e-11, 2.3465827255281077e-11], 'preconditioner metadata': [{}, {}, {}, {}, {}, {}, {}, {}, {}, {}, {}, {}, {}, {}, {}, {}, {}, {}, {}, {}, {}, {}, {}, {}, {}, {}, {}, {}, {}, {}, {}, {}, {}, {}, {}, {}, {}, {}, {}, {}, {}, {}, {}, {}, {}, {}, {}]}",,"[9539.3759765625, 9426.37109375, 9427.228515625, 9427.755859375, 9429.2578125, 9427.7880859375, 9426.552734375, 9428.3251953125, 9431.6953125, 9427.7685546875]",[2400.30859375],[3515.485107421875],[53674.22265625],[412.9716796875],[118.9210205078125]
2025-12-11T12:54:43.517307+00:00,continuous coefficient 2D,1,"uniform(2D,12)",S12,S12,S12,"CG(HybridSchwarz(torch.float64, Inv(torch.float16), CUDSS), bsr_matmul=True)",False,0,1,10,,2.582976027405759e-11,"{'iterations': 31, 'residual norms': [5.773825599323733, 4.6003001949840066, 0.060909797946811575, 0.010401897870983726, 0.0023094620463348045, 0.001040657343400437, 0.0007999974238877873, 0.0003250535543968503, 0.00013467861739845495, 7.577066009270561e-05, 4.527598636128793e-05, 2.2618705194021327e-05, 1.0962453142271156e-05, 4.603780905160979e-06, 2.2958978382720173e-06, 1.3496989376418157e-06, 7.163097884957736e-07, 3.252364424845897e-07, 1.548630178817603e-07, 7.863399521664531e-08, 4.122786953976744e-08, 2.2294157249554724e-08, 1.1079139396138022e-08, 5.161523021495607e-09, 2.5471544302261536e-09, 1.4095477565746636e-09, 7.33876606384182e-10, 3.606521614953847e-10, 1.7129434965105177e-10, 8.74358342327311e-11, 4.6230446446869744e-11, 2.505353203788768e-11], 'preconditioner metadata': [{}, {}, {}, {}, {}, {}, {}, {}, {}, {}, {}, {}, {}, {}, {}, {}, {}, {}, {}, {}, {}, {}, {}, {}, {}, {}, {}, {}, {}, {}, {}]}",,"[5256.57275390625, 5249.9619140625, 5254.513671875, 5250.1689453125, 5250.76123046875, 5249.77294921875, 5255.94287109375, 5251.11767578125, 5255.087890625, 5251.232421875]",[2060.01171875],[3559.345703125],[58349.171875],[670.3599243164062],[117.07430267333984]
2025-12-11T12:55:01.480717+00:00,continuous coefficient 2D,1,"uniform(2D,12)",S12,C10,C10,"CG(AdditiveSchwarz(torch.float32, Inv(torch.float16), CUDSS, const_dofs_per_coarse=False), bsr_matmul=True)",False,0,1,10,"CUDA out of memory. Tried to allocate 36.00 GiB. GPU 0 has a total capacity of 79.25 GiB of which 25.70 GiB is free. Process 2868647 has 53.54 GiB memory in use. Of the allocated memory 51.41 GiB is allocated by PyTorch, and 1.10 GiB is reserved by PyTorch but unallocated. If reserved but unallocated memory is large try setting PYTORCH_CUDA_ALLOC_CONF=expandable_segments:True to avoid fragmentation.  See documentation for Memory Management  (https://pytorch.org/docs/stable/notes/cuda.html#environment-variables)",,,,,,,,,
2025-12-11T12:55:17.004585+00:00,continuous coefficient 2D,1,"uniform(2D,12)",S12,C10,C10,"CG(HybridSchwarz(torch.float64, Inv(torch.float16), CUDSS), bsr_matmul=True)",False,0,1,10,"CUDA out of memory. Tried to allocate 72.00 GiB. GPU 0 has a total capacity of 79.25 GiB of which 61.52 GiB is free. Process 2868647 has 17.72 GiB memory in use. Of the allocated memory 15.42 GiB is allocated by PyTorch, and 1.09 GiB is reserved by PyTorch but unallocated. If reserved but unallocated memory is large try setting PYTORCH_CUDA_ALLOC_CONF=expandable_segments:True to avoid fragmentation.  See documentation for Memory Management  (https://pytorch.org/docs/stable/notes/cuda.html#environment-variables)",,,,,,,,,
2025-12-11T12:56:14.685862+00:00,continuous coefficient 2D,1,"uniform(2D,12)",S12,C11,C10,"CG(AdditiveSchwarz(torch.float32, Inv(torch.float16), CUDSS, const_dofs_per_coarse=False), bsr_matmul=True)",False,0,1,10,,2.234056340844579e-11,"{'iterations': 94, 'residual norms': [0.027077948860412045, 6.8144186808238345, 8.226388804265179, 6.417848082417413, 1.903462388400853, 1.0008004262076968, 0.40780748652500004, 0.14001433843268782, 0.06632531134510182, 0.03814449679668072, 0.03253235514701647, 0.039491996370562686, 0.03965342899658104, 0.025309194390953856, 0.015139569533749122, 0.02096484703837949, 0.014607888968019171, 0.007157200036331735, 0.004095475113986493, 0.004043941252440252, 0.005070303664829974, 0.0019549085698627408, 0.0018555387425014135, 0.002575724106607905, 0.0014779196775504867, 0.0005504784779983492, 0.0004250044368183319, 0.0003784209350147096, 0.00039867932800410335, 0.00032427374548275694, 0.00019757792261307307, 0.00016219837046545034, 0.00018293798973562791, 0.00012124025501672029, 9.141300714778804e-05, 4.524491178926589e-05, 2.9524380494529317e-05, 3.0961615322684106e-05, 3.406826355840392e-05, 2.7226330515291588e-05, 1.589638772040433e-05, 1.5298856765850097e-05, 7.882641958632965e-06, 8.55473812750215e-06, 5.699360895879188e-06, 3.521141784382754e-06, 2.7131144284489433e-06, 2.6412798728787898e-06, 2.439705456513456e-06, 1.7557910018255887e-06, 1.5622440942750404e-06, 1.2203824729387166e-06, 7.715909332083956e-07, 5.926146045205001e-07, 3.8502430110788534e-07, 2.8567688904744506e-07, 2.763591737883144e-07, 2.1029808809769924e-07, 2.094050306364649e-07, 1.6225376056469174e-07, 1.0967182039782382e-07, 8.666997456382783e-08, 8.933175284736257e-08, 4.6576844811399076e-08, 3.048282367083707e-08, 2.5241248768731846e-08, 1.944421278919051e-08, 1.7044807494148886e-08, 1.9295812704853526e-08, 1.2007430118779158e-08, 8.933769044243661e-09, 7.19653707535301e-09, 6.1035348685212665e-09, 3.6408608821530858e-09, 2.2516432785292224e-09, 2.268121449101086e-09, 1.771688355386241e-09, 1.5571545339083007e-09, 1.1808709887897321e-09, 9.689506461549937e-10, 8.967859867172344e-10, 6.907964836658333e-10, 4.539348388263298e-10, 3.2625474711277586e-10, 2.0376386837769717e-10, 1.7344009998100812e-10, 1.6170979082855688e-10, 1.5017675201452922e-10, 9.647785407920503e-11, 8.327641001095928e-11, 7.320002462198537e-11, 5.424825291064893e-11, 3.614347634119475e-11, 3.134084873431419e-11, 1.9761252039219906e-11], 'preconditioner metadata': [{}, {}, {}, {}, {}, {}, {}, {}, {}, {}, {}, {}, {}, {}, {}, {}, {}, {}, {}, {}, {}, {}, {}, {}, {}, {}, {}, {}, {}, {}, {}, {}, {}, {}, {}, {}, {}, {}, {}, {}, {}, {}, {}, {}, {}, {}, {}, {}, {}, {}, {}, {}, {}, {}, {}, {}, {}, {}, {}, {}, {}, {}, {}, {}, {}, {}, {}, {}, {}, {}, {}, {}, {}, {}, {}, {}, {}, {}, {}, {}, {}, {}, {}, {}, {}, {}, {}, {}, {}, {}, {}, {}, {}, {}]}",,"[2644.919677734375, 2533.68896484375, 2534.78759765625, 2533.101806640625, 2537.084228515625, 2533.546630859375, 2534.425537109375, 2534.62158203125, 2535.52978515625, 2536.403564453125]",[1044.98486328125],[3574.483642578125],[3751.93603515625],[426.9615478515625],[375.60845947265625]
2025-12-11T12:56:32.003980+00:00,continuous coefficient 2D,1,"uniform(2D,12)",S12,C11,C10,"CG(HybridSchwarz(torch.float64, Inv(torch.float16), CUDSS), bsr_matmul=True)",False,0,1,10,"CUDA out of memory. Tried to allocate 18.00 GiB. GPU 0 has a total capacity of 79.25 GiB of which 6.77 GiB is free. Process 2868647 has 72.47 GiB memory in use. Of the allocated memory 70.59 GiB is allocated by PyTorch, and 687.11 MiB is reserved by PyTorch but unallocated. If reserved but unallocated memory is large try setting PYTORCH_CUDA_ALLOC_CONF=expandable_segments:True to avoid fragmentation.  See documentation for Memory Management  (https://pytorch.org/docs/stable/notes/cuda.html#environment-variables)",,,,,,,,,
2025-12-11T12:58:22.103357+00:00,continuous coefficient 2D,1,"uniform(2D,12)",S12,C12,C10,"CG(AdditiveSchwarz(torch.float32, Inv(torch.float16), CUDSS, const_dofs_per_coarse=False), bsr_matmul=True)",False,0,1,10,,2.5340587363858194e-11,"{'iterations': 102, 'residual norms': [0.027077948860412045, 6.814354472984595, 7.0980707811021, 6.427895041250141, 6.068551090245892, 5.204480909607782, 2.1481294940115867, 0.7961874896805226, 0.26638112056051655, 0.14816534237937384, 0.06940183692092479, 0.028121376394634894, 0.02387419809928566, 0.024765559921456293, 0.031935194658143644, 0.019141001628933386, 0.01497099524231759, 0.014020096628813544, 0.01370422806920912, 0.00906828142085122, 0.004673776479197449, 0.0027836392593044903, 0.0034344883869341356, 0.001966505918909878, 0.00105851839013473, 0.0011880286878733007, 0.0015117322595251113, 0.0008456123340654709, 0.0009870499327900603, 0.000806338403562942, 0.00024066246096943517, 0.00016858646919222324, 0.00016456054318056602, 0.00011851868219495491, 9.984153672943662e-05, 7.339042455298608e-05, 8.142095521426645e-05, 6.262847370460993e-05, 5.140547482605658e-05, 5.453911070103908e-05, 3.722636645263793e-05, 3.312275799335313e-05, 1.7900390351796806e-05, 1.1097864680505972e-05, 6.792398288321998e-06, 5.992151819843357e-06, 4.938323749002894e-06, 4.90190195958259e-06, 3.874929898060881e-06, 3.899382907209582e-06, 2.9716208481723287e-06, 2.3233311057937164e-06, 2.2119007135356906e-06, 1.6032965346278446e-06, 1.0667598385615751e-06, 7.22071038801212e-07, 4.7299119768941616e-07, 3.179521265436958e-07, 2.902071248111291e-07, 2.655896500071637e-07, 2.469225968256373e-07, 2.191457942953283e-07, 1.682029895507808e-07, 1.481522433461796e-07, 1.0477456486018983e-07, 7.925986353245022e-08, 7.098416052040347e-08, 5.121077022170719e-08, 3.78491113307253e-08, 2.7880041354164608e-08, 2.1449669244522756e-08, 2.195917662648055e-08, 1.776802753372763e-08, 1.4664289349636109e-08, 1.0734473995034624e-08, 7.860730317271192e-09, 5.608067633055251e-09, 5.412093169986288e-09, 4.424714525951309e-09, 3.5173541072482348e-09, 3.243045937748143e-09, 2.4301082057053073e-09, 2.0490772864671855e-09, 1.6926569453313257e-09, 1.1960094532833697e-09, 1.0710013071905333e-09, 7.928053104692431e-10, 5.835720924214135e-10, 5.151623533335816e-10, 3.3838842583788973e-10, 3.4209506094867846e-10, 2.558317341515012e-10, 2.1074721627528327e-10, 1.6239768025186898e-10, 1.37082022462343e-10, 1.1947927255512683e-10, 8.155170976547829e-11, 7.536637054103231e-11, 6.477423149615381e-11, 5.1662365547088366e-11, 3.830742113219334e-11, 3.384579969140843e-11, 2.293922046142184e-11], 'preconditioner metadata': [{}, {}, {}, {}, {}, {}, {}, {}, {}, {}, {}, {}, {}, {}, {}, {}, {}, {}, {}, {}, {}, {}, {}, {}, {}, {}, {}, {}, {}, {}, {}, {}, {}, {}, {}, {}, {}, {}, {}, {}, {}, {}, {}, {}, {}, {}, {}, {}, {}, {}, {}, {}, {}, {}, {}, {}, {}, {}, {}, {}, {}, {}, {}, {}, {}, {}, {}, {}, {}, {}, {}, {}, {}, {}, {}, {}, {}, {}, {}, {}, {}, {}, {}, {}, {}, {}, {}, {}, {}, {}, {}, {}, {}, {}, {}, {}, {}, {}, {}, {}, {}, {}]}",,"[2639.166015625, 2517.7275390625, 2517.53662109375, 2517.2373046875, 2517.963134765625, 2517.82666015625, 2517.634765625, 2518.31884765625, 2518.540771484375, 2517.600341796875]",[1284.541748046875],[3578.809814453125],[3467.02734375],[704.7127075195312],[422.552001953125]
2025-12-11T12:59:11.584444+00:00,continuous coefficient 2D,1,"uniform(2D,12)",S12,C12,C10,"CG(HybridSchwarz(torch.float64, Inv(torch.float16), CUDSS), bsr_matmul=True)",False,0,1,10,,1.987936299688522e-11,"{'iterations': 74, 'residual norms': [6.81422278449647, 7.085121149652057, 6.385633070910753, 5.265887306197001, 5.588155490012786, 1.2517488463003201, 0.7579996395530865, 0.22662036094307123, 0.13058823501724587, 0.03699902836691145, 0.031604096565241775, 0.03465105165035929, 0.025720328590912573, 0.0196109002547525, 0.013633392700728417, 0.011828513611334801, 0.007915753168566991, 0.004287619407543443, 0.001225443717130343, 0.0012008934122844945, 0.0005577065128156115, 0.0002308087911653688, 0.0002302340432949598, 0.00011676250197784871, 3.652536969527327e-05, 3.7633666467388056e-05, 4.09975194632046e-05, 4.1640402731939405e-05, 2.350478704666024e-05, 1.773853678501696e-05, 7.750995610156876e-06, 3.920905276386038e-06, 2.4732557086677287e-06, 2.1911193358241622e-06, 2.1508373540379102e-06, 1.4257336284215105e-06, 9.59257527692424e-07, 6.223734218860594e-07, 4.878541850336735e-07, 5.350466831435073e-07, 3.11547336107778e-07, 2.486457980441665e-07, 1.6292358027570493e-07, 1.220558583245422e-07, 8.1496972534142e-08, 7.159131829349653e-08, 5.8832032308552335e-08, 4.1076397476079084e-08, 3.807789431616718e-08, 2.9523666827299736e-08, 2.0558456337859275e-08, 1.5799070578332177e-08, 1.1814184794095314e-08, 9.043708989902642e-09, 7.712351468471048e-09, 5.614517010987064e-09, 3.7844870585287325e-09, 2.8950115409975944e-09, 2.6951709391589368e-09, 1.6424525821740984e-09, 1.19996210634667e-09, 1.0536762554657486e-09, 7.12587583397675e-10, 5.671684494993721e-10, 3.9219145878064816e-10, 2.601205712211497e-10, 2.011164842501739e-10, 1.6025938267595873e-10, 1.1525977256170423e-10, 8.76973183679343e-11, 7.136895246006269e-11, 5.108168492194846e-11, 3.198024549445608e-11, 2.7518542750295087e-11, 1.758289677923973e-11], 'preconditioner metadata': [{}, {}, {}, {}, {}, {}, {}, {}, {}, {}, {}, {}, {}, {}, {}, {}, {}, {}, {}, {}, {}, {}, {}, {}, {}, {}, {}, {}, {}, {}, {}, {}, {}, {}, {}, {}, {}, {}, {}, {}, {}, {}, {}, {}, {}, {}, {}, {}, {}, {}, {}, {}, {}, {}, {}, {}, {}, {}, {}, {}, {}, {}, {}, {}, {}, {}, {}, {}, {}, {}, {}, {}, {}, {}]}",,"[2044.701416015625, 1934.892578125, 1931.3472900390625, 1930.650634765625, 1930.5699462890625, 1931.3643798828125, 1930.46533203125, 1933.429443359375, 1930.7249755859375, 1931.8016357421875]",[1491.7640380859375],[3604.859619140625],[5729.24267578125],[655.3709106445312],[411.20648193359375]
2025-12-11T13:00:07.160657+00:00,continuous coefficient 2D,1,"uniform(2D,12)",S12,C11,C11,"CG(AdditiveSchwarz(torch.float32, Inv(torch.float16), CUDSS, const_dofs_per_coarse=False), bsr_matmul=True)",False,0,1,10,,2.5973330665283206e-11,"{'iterations': 66, 'residual norms': [0.027077948860412045, 9.636880983899685, 7.315290165288143, 3.0047577736108417, 0.7831365640215715, 0.1834622809332393, 0.06594155742392137, 0.020261102815924754, 0.024531833007972955, 0.021169501461345646, 0.016740037228647076, 0.007020980698925689, 0.00341825885537666, 0.003621309180096362, 0.004048054080771876, 0.0013612247748382665, 0.0006978417842858932, 0.0006582160474979159, 0.0005003579057894869, 0.00045029243934689977, 0.00025896070112983347, 0.000130479758440062, 8.47353353765615e-05, 7.993716011284097e-05, 5.0665637982328415e-05, 5.448725134993089e-05, 1.645342515696132e-05, 1.125397437079564e-05, 1.0950022510523134e-05, 7.737341535129426e-06, 5.887489843597059e-06, 4.235099209863644e-06, 2.0702509687811595e-06, 1.7462263462538117e-06, 1.3969312987922512e-06, 1.0312456855204592e-06, 6.789619463019531e-07, 4.502131458256061e-07, 3.5399088710216133e-07, 2.5438881313822024e-07, 1.9320954718496629e-07, 1.1933361050574491e-07, 7.469157754811426e-08, 5.306096517246292e-08, 5.137043035719824e-08, 3.718596257135698e-08, 2.1223726218770205e-08, 1.407161700993194e-08, 1.0166781480829594e-08, 6.710032353059474e-09, 5.878987386935774e-09, 4.567439568952342e-09, 2.4929777730003975e-09, 1.4628049005489146e-09, 1.4400849099615311e-09, 1.0282429991824005e-09, 6.143410581399544e-10, 4.0560675986244746e-10, 3.113776927391337e-10, 2.424794022493445e-10, 1.9161105921207e-10, 1.2554612056223123e-10, 8.099773141832955e-11, 4.725000049716371e-11, 4.172459701691294e-11, 3.193605046439705e-11, 2.4411449077102034e-11], 'preconditioner metadata': [{}, {}, {}, {}, {}, {}, {}, {}, {}, {}, {}, {}, {}, {}, {}, {}, {}, {}, {}, {}, {}, {}, {}, {}, {}, {}, {}, {}, {}, {}, {}, {}, {}, {}, {}, {}, {}, {}, {}, {}, {}, {}, {}, {}, {}, {}, {}, {}, {}, {}, {}, {}, {}, {}, {}, {}, {}, {}, {}, {}, {}, {}, {}, {}, {}, {}]}",,"[3143.779296875, 3032.543701171875, 3029.775390625, 3029.834228515625, 3029.727294921875, 3027.981689453125, 3030.38330078125, 3038.388916015625, 3029.227294921875, 3028.644287109375]",[1040.6376953125],[3582.13330078125],[7780.10986328125],[459.328125],[379.3739013671875]
2025-12-11T13:00:29.455588+00:00,continuous coefficient 2D,1,"uniform(2D,12)",S12,C11,C11,"CG(HybridSchwarz(torch.float64, Inv(torch.float16), CUDSS), bsr_matmul=True)",False,0,1,10,"CUDA out of memory. Tried to allocate 18.00 GiB. GPU 0 has a total capacity of 79.25 GiB of which 4.36 GiB is free. Process 2868647 has 74.88 GiB memory in use. Of the allocated memory 71.07 GiB is allocated by PyTorch, and 579.22 MiB is reserved by PyTorch but unallocated. If reserved but unallocated memory is large try setting PYTORCH_CUDA_ALLOC_CONF=expandable_segments:True to avoid fragmentation.  See documentation for Memory Management  (https://pytorch.org/docs/stable/notes/cuda.html#environment-variables)",,,,,,,,,
2025-12-11T13:01:31.067123+00:00,continuous coefficient 2D,1,"uniform(2D,12)",S12,C12,C11,"CG(AdditiveSchwarz(torch.float32, Inv(torch.float16), CUDSS, const_dofs_per_coarse=False), bsr_matmul=True)",False,0,1,10,,2.4378525477135063e-11,"{'iterations': 65, 'residual norms': [0.027077948860412045, 9.63686373319107, 8.841189641701353, 4.805607379589839, 2.487956121105054, 0.4073571462378466, 0.31165142037141125, 0.04130305846321355, 0.017147749534333522, 0.022552788693981803, 0.02498493632097637, 0.007291069565652009, 0.003205864315503784, 0.003929185084066111, 0.002099191681398512, 0.001769720756625003, 0.00114945232071041, 0.0008621063734392803, 0.00045474012635454263, 0.0002711790806300717, 0.00025241248808880156, 0.00018405223709992393, 0.00013753024949864906, 9.428711413916427e-05, 5.084291857284981e-05, 3.047353201677729e-05, 2.6356600647907107e-05, 2.013625906152636e-05, 1.726495732202888e-05, 9.106930996009735e-06, 6.162345938358966e-06, 4.826986097880808e-06, 2.5657872614737285e-06, 1.7262418844426319e-06, 1.6751473116612952e-06, 1.1390137700450825e-06, 8.090949420062699e-07, 3.83473862535559e-07, 2.7170211276606334e-07, 2.170377449344975e-07, 1.4628007742676426e-07, 1.3118083674623928e-07, 8.721249091417523e-08, 5.176778141872557e-08, 3.257940939980217e-08, 2.4951437021756008e-08, 1.7234848345744863e-08, 1.3880529630836576e-08, 9.603401077060057e-09, 7.25199847048881e-09, 4.964774146493673e-09, 2.7846876619372232e-09, 1.919338861666366e-09, 1.7358150533495589e-09, 1.123135763999589e-09, 7.925099106390777e-10, 5.182167998832769e-10, 3.9799097010428583e-10, 2.8944297839463416e-10, 2.1415332898210962e-10, 1.2024898287458852e-10, 9.817464061797575e-11, 6.478181610940922e-11, 4.367340904622507e-11, 3.5973890329753796e-11, 2.2740305225189093e-11], 'preconditioner metadata': [{}, {}, {}, {}, {}, {}, {}, {}, {}, {}, {}, {}, {}, {}, {}, {}, {}, {}, {}, {}, {}, {}, {}, {}, {}, {}, {}, {}, {}, {}, {}, {}, {}, {}, {}, {}, {}, {}, {}, {}, {}, {}, {}, {}, {}, {}, {}, {}, {}, {}, {}, {}, {}, {}, {}, {}, {}, {}, {}, {}, {}, {}, {}, {}, {}]}",,"[2938.252685546875, 2824.096923828125, 2827.239501953125, 2823.550537109375, 2824.219482421875, 2822.795654296875, 2823.9990234375, 2824.633544921875, 2825.771484375, 2826.811279296875]",[1420.5484619140625],[3624.690673828125],[7658.6064453125],[623.9705200195312],[204.08486938476562]
2025-12-11T13:02:25.120339+00:00,continuous coefficient 2D,1,"uniform(2D,12)",S12,C12,C11,"CG(HybridSchwarz(torch.float64, Inv(torch.float16), CUDSS), bsr_matmul=True)",False,0,1,10,,1.9765836153764953e-11,"{'iterations': 43, 'residual norms': [9.636772434975649, 8.83031559952761, 4.770000226372074, 2.2932541684597854, 0.36342622630200805, 0.10062915747599178, 0.029649316799178288, 0.03223115073109313, 0.010266979013610499, 0.0020586715318849738, 0.0013543797857389474, 0.0006232238686683743, 0.000490914894056075, 0.0002571896392636325, 0.00021503941068426257, 9.771386567218971e-05, 4.574865632309329e-05, 2.0394451242889922e-05, 9.168516660156824e-06, 4.76073601019248e-06, 3.1489208924572623e-06, 2.288034635932791e-06, 1.616453158247966e-06, 5.044441420933451e-07, 3.107146583786445e-07, 1.51154613276685e-07, 1.0664329260950479e-07, 5.803963233059103e-08, 3.515550373835246e-08, 1.9467668068873827e-08, 1.0977551234967692e-08, 8.767461812025476e-09, 4.8926053032743716e-09, 3.1013470992310307e-09, 1.7467056312303187e-09, 1.0191572048666737e-09, 6.598285837853784e-10, 3.822328002089962e-10, 2.5537362252633167e-10, 1.2990229534285607e-10, 9.220232555174241e-11, 5.106935808919986e-11, 2.7931042969879787e-11, 1.8357240956574658e-11], 'preconditioner metadata': [{}, {}, {}, {}, {}, {}, {}, {}, {}, {}, {}, {}, {}, {}, {}, {}, {}, {}, {}, {}, {}, {}, {}, {}, {}, {}, {}, {}, {}, {}, {}, {}, {}, {}, {}, {}, {}, {}, {}, {}, {}, {}, {}]}",,"[1897.1248779296875, 1815.79296875, 1825.8909912109375, 1814.868408203125, 1815.2611083984375, 1817.3477783203125, 1815.8182373046875, 1815.9462890625, 1814.9857177734375, 1816.3394775390625]",[1419.1646728515625],[3615.960205078125],[9810.4833984375],[489.55712890625],[363.67193603515625]
2025-12-11T13:04:16.391404+00:00,continuous coefficient 2D,1,"uniform(2D,12)",S12,C12,C12,"CG(AdditiveSchwarz(torch.float32, Inv(torch.float16), CUDSS, const_dofs_per_coarse=False), bsr_matmul=True)",False,0,1,10,,2.2813376000268954e-11,"{'iterations': 48, 'residual norms': [0.027077948860412045, 13.627587299460751, 6.237439929211442, 3.0466251701721356, 0.6475305063272748, 0.061770205282623634, 0.01610666868129059, 0.0070917869664615255, 0.0048285646260900665, 0.00648541683576231, 0.0021991543104642026, 0.0008680834466582182, 0.000630677329084728, 0.00036337186688974095, 0.0002548601850886316, 0.00018041288286940082, 0.0001015253374428507, 5.513745859551194e-05, 3.4530660838730413e-05, 1.816235234040049e-05, 1.3419212726838384e-05, 1.0559353638311072e-05, 4.5318187694112415e-06, 3.5254640512773322e-06, 1.8771441431295553e-06, 9.842612978220899e-07, 8.104622963745213e-07, 5.483686460343239e-07, 2.674475208786482e-07, 1.6720957293948245e-07, 1.2118266317116374e-07, 6.711975651297035e-08, 3.7683323396440266e-08, 3.065134372508738e-08, 1.5317808653220685e-08, 1.003937435043541e-08, 6.923272210467322e-09, 3.311023766924979e-09, 2.1728049249205056e-09, 1.6748511000312372e-09, 9.4265017547862e-10, 5.242354457885314e-10, 3.8995021125444637e-10, 1.948153785504388e-10, 1.3394005476782042e-10, 9.37152537164301e-11, 6.09413479945247e-11, 3.051358863184786e-11, 2.148062586366874e-11], 'preconditioner metadata': [{}, {}, {}, {}, {}, {}, {}, {}, {}, {}, {}, {}, {}, {}, {}, {}, {}, {}, {}, {}, {}, {}, {}, {}, {}, {}, {}, {}, {}, {}, {}, {}, {}, {}, {}, {}, {}, {}, {}, {}, {}, {}, {}, {}, {}, {}, {}, {}]}",,"[5692.26025390625, 5591.00048828125, 5582.10546875, 5583.10302734375, 5578.71337890625, 5584.5390625, 5583.10888671875, 5584.1796875, 5585.74560546875, 5584.458984375]",[1234.2589111328125],[3616.262939453125],[26275.8671875],[419.287841796875],[357.4681091308594]
2025-12-11T13:05:42.418820+00:00,continuous coefficient 2D,1,"uniform(2D,12)",S12,C12,C12,"CG(HybridSchwarz(torch.float64, Inv(torch.float16), CUDSS), bsr_matmul=True)",False,0,1,10,,2.1067373354919303e-11,"{'iterations': 27, 'residual norms': [13.628454160435275, 6.232663758390305, 3.0385738824608284, 0.04178690169849865, 0.01049932148956883, 0.0038247563915565033, 0.0027458449807897037, 0.0012722012111395862, 0.0004117726905696354, 0.00015061062580085354, 4.9617478317625155e-05, 2.04852883573079e-05, 1.0447795864351742e-05, 3.5558637001034983e-06, 1.3053348429090673e-06, 5.170229892562979e-07, 3.172040140753794e-07, 9.220676275406105e-08, 4.6201308086068556e-08, 1.7462555643572165e-08, 7.751274078972304e-09, 3.062843368934303e-09, 1.3983669720996418e-09, 6.72329054692572e-10, 2.2554032438793309e-10, 1.1336675123080365e-10, 3.6295173970202976e-11, 2.019719620527646e-11], 'preconditioner metadata': [{}, {}, {}, {}, {}, {}, {}, {}, {}, {}, {}, {}, {}, {}, {}, {}, {}, {}, {}, {}, {}, {}, {}, {}, {}, {}, {}]}",,"[2865.72509765625, 2844.593994140625, 2839.4775390625, 2842.89501953125, 2840.2294921875, 2839.119384765625, 2840.796142578125, 2840.224853515625, 2839.995849609375, 2840.32470703125]",[1173.90234375],[3603.79443359375],[28607.306640625],[497.2635803222656],[393.5350341796875]
2025-12-11T13:05:52.122779+00:00,continuous coefficient 2D,1,"uniform(2D,12)",S12,S10,C10,"CG(AdditiveSchwarz(torch.float32, Inv(torch.float16), CUDSS, const_dofs_per_coarse=False), bsr_matmul=True)",False,0,1,10,"CUDA out of memory. Tried to allocate 18.00 GiB. GPU 0 has a total capacity of 79.25 GiB of which 7.32 GiB is free. Process 2868647 has 71.92 GiB memory in use. Of the allocated memory 70.42 GiB is allocated by PyTorch, and 477.09 MiB is reserved by PyTorch but unallocated. If reserved but unallocated memory is large try setting PYTORCH_CUDA_ALLOC_CONF=expandable_segments:True to avoid fragmentation.  See documentation for Memory Management  (https://pytorch.org/docs/stable/notes/cuda.html#environment-variables)",,,,,,,,,
2025-12-11T13:06:01.308125+00:00,continuous coefficient 2D,1,"uniform(2D,12)",S12,S10,C10,"CG(HybridSchwarz(torch.float64, Inv(torch.float16), CUDSS), bsr_matmul=True)",False,0,1,10,"CUDA out of memory. Tried to allocate 36.00 GiB. GPU 0 has a total capacity of 79.25 GiB of which 25.90 GiB is free. Process 2868647 has 53.35 GiB memory in use. Of the allocated memory 51.31 GiB is allocated by PyTorch, and 849.11 MiB is reserved by PyTorch but unallocated. If reserved but unallocated memory is large try setting PYTORCH_CUDA_ALLOC_CONF=expandable_segments:True to avoid fragmentation.  See documentation for Memory Management  (https://pytorch.org/docs/stable/notes/cuda.html#environment-variables)",,,,,,,,,
2025-12-11T13:06:39.328354+00:00,continuous coefficient 2D,1,"uniform(2D,12)",S12,S11,C10,"CG(AdditiveSchwarz(torch.float32, Inv(torch.float16), CUDSS, const_dofs_per_coarse=False), bsr_matmul=True)",False,0,1,10,,2.7188544663035704e-11,"{'iterations': 98, 'residual norms': [0.027077948860412045, 6.814363614683724, 7.256971404644198, 10.07786761049243, 4.442814116930388, 3.0315515841127287, 1.476797601995382, 0.6155003171724828, 0.2597816366962547, 0.13326532780991346, 0.07109092204334591, 0.03268765923843916, 0.027590626531491972, 0.035476539858385135, 0.029730503015063203, 0.024482106894547623, 0.01881775538201264, 0.014104830323203815, 0.015178722047911949, 0.013436704563256413, 0.008020218961814759, 0.003234707954352456, 0.002713519251875309, 0.0022768323165912874, 0.0024906342856979994, 0.002303793447695211, 0.001334641564125859, 0.0011614361098939126, 0.0013870307446248187, 0.00059727287760107, 0.00045816940652475773, 0.0004530213477396348, 0.00034015957927530023, 0.0001700474555685456, 9.980796683546931e-05, 0.000122638060619889, 8.589439666081422e-05, 7.869090583992688e-05, 7.513809638446243e-05, 5.3580887769565345e-05, 4.526442127208381e-05, 3.061488766669019e-05, 1.5504711203638292e-05, 9.266588140780253e-06, 8.834621473644955e-06, 1.2021931155956147e-05, 6.897024552129149e-06, 5.1167794317121424e-06, 4.629685715623076e-06, 3.7447425549080573e-06, 3.667603768277297e-06, 2.2559896874506847e-06, 1.4004919247800088e-06, 1.2115255489961246e-06, 6.605020386604091e-07, 6.444971986089383e-07, 4.523356159411526e-07, 3.968917423841241e-07, 4.3684632686514655e-07, 3.269924351791759e-07, 2.7274207045134017e-07, 2.423276726194084e-07, 1.1886574741893587e-07, 6.990943908787803e-08, 5.875864245847703e-08, 4.9901795461504045e-08, 4.7894927076816756e-08, 3.3559021845682075e-08, 2.4328444795547747e-08, 2.1445174592296345e-08, 2.0288133670812135e-08, 1.7537597804719137e-08, 1.230363955511133e-08, 9.34193441443758e-09, 6.544934766685224e-09, 4.564914862265651e-09, 3.136913523347103e-09, 2.9009573889757217e-09, 2.1010617015054488e-09, 2.000744160203497e-09, 1.7825964354172197e-09, 1.4525944918930295e-09, 1.1556935338944672e-09, 6.520885567665731e-10, 5.772183769658306e-10, 4.812390360203992e-10, 3.448137016432463e-10, 3.419932657411305e-10, 2.6431437130736885e-10, 2.0552972203611e-10, 1.3610335631730971e-10, 1.095428887982728e-10, 9.039124051781601e-11, 8.105647946693594e-11, 5.590735549874638e-11, 4.3463108564630955e-11, 3.53784227597821e-11, 3.30132230941513e-11, 2.504298161195355e-11], 'preconditioner metadata': [{}, {}, {}, {}, {}, {}, {}, {}, {}, {}, {}, {}, {}, {}, {}, {}, {}, {}, {}, {}, {}, {}, {}, {}, {}, {}, {}, {}, {}, {}, {}, {}, {}, {}, {}, {}, {}, {}, {}, {}, {}, {}, {}, {}, {}, {}, {}, {}, {}, {}, {}, {}, {}, {}, {}, {}, {}, {}, {}, {}, {}, {}, {}, {}, {}, {}, {}, {}, {}, {}, {}, {}, {}, {}, {}, {}, {}, {}, {}, {}, {}, {}, {}, {}, {}, {}, {}, {}, {}, {}, {}, {}, {}, {}, {}, {}, {}, {}]}",,"[2595.406982421875, 2476.706298828125, 2480.852783203125, 2484.050537109375, 2481.6552734375, 2477.984619140625, 2477.666259765625, 2477.80224609375, 2476.884033203125, 2477.768798828125]",[1067.8929443359375],[3564.11376953125],[3633.58837890625],[524.5730590820312],[382.0541687011719]
2025-12-11T13:07:13.394384+00:00,continuous coefficient 2D,1,"uniform(2D,12)",S12,S11,C10,"CG(HybridSchwarz(torch.float64, Inv(torch.float16), CUDSS), bsr_matmul=True)",False,0,1,10,,1.9993773784468716e-11,"{'iterations': 68, 'residual norms': [6.814222784494703, 7.243419260527948, 9.90990706850096, 4.132920311435644, 2.736675134358903, 1.2712046835711082, 0.45533694669491276, 0.18031680052210353, 0.07002674280589329, 0.04491985983650589, 0.04466933208579503, 0.05027506126233178, 0.032789281395704285, 0.026031127653697465, 0.016006343920573318, 0.013521972570427162, 0.011642439857387799, 0.006807343941677803, 0.0025085723409907098, 0.0015077828467771018, 0.0006733720535556897, 0.0004805085346855192, 0.0003952889074572092, 9.940225110418429e-05, 5.249591289800839e-05, 6.120358190301018e-05, 4.8668343937833016e-05, 3.162691996868492e-05, 2.750337648133461e-05, 1.8710460044098948e-05, 1.2485634374155921e-05, 7.560786479510474e-06, 5.675561419308691e-06, 4.401159676871425e-06, 2.0090384513789977e-06, 1.4232955060704888e-06, 6.124680551184073e-07, 4.563605410490105e-07, 4.4489619371193117e-07, 4.1236903210041117e-07, 2.263699052639037e-07, 2.1546932796726187e-07, 1.4017371626389428e-07, 7.296664052223402e-08, 6.261337295129105e-08, 4.335776147246825e-08, 4.7919196247877015e-08, 3.409288765958714e-08, 1.8792659380752942e-08, 1.3854075738125714e-08, 8.269275710510937e-09, 6.786424145670265e-09, 5.718122108780142e-09, 3.4814908262402167e-09, 2.0367504389130813e-09, 1.346544316288011e-09, 1.4399109035349362e-09, 8.891302431242289e-10, 6.373127886536798e-10, 3.811795411076354e-10, 2.777842538277409e-10, 1.7985770038717812e-10, 1.143690589630849e-10, 9.404806924356906e-11, 7.590206653321522e-11, 6.257016220253812e-11, 4.080882848006573e-11, 3.117457960188462e-11, 1.7885043405025233e-11], 'preconditioner metadata': [{}, {}, {}, {}, {}, {}, {}, {}, {}, {}, {}, {}, {}, {}, {}, {}, {}, {}, {}, {}, {}, {}, {}, {}, {}, {}, {}, {}, {}, {}, {}, {}, {}, {}, {}, {}, {}, {}, {}, {}, {}, {}, {}, {}, {}, {}, {}, {}, {}, {}, {}, {}, {}, {}, {}, {}, {}, {}, {}, {}, {}, {}, {}, {}, {}, {}, {}, {}]}",,"[1924.45166015625, 1827.131591796875, 1827.259521484375, 1828.0052490234375, 1824.00048828125, 1825.193603515625, 1825.794921875, 1824.8790283203125, 1824.2667236328125, 1824.4056396484375]",[1049.8406982421875],[3594.10791015625],[6052.5986328125],[431.9663391113281],[460.25225830078125]
2025-12-11T13:07:58.914323+00:00,continuous coefficient 2D,1,"uniform(2D,12)",S12,S12,C10,"CG(AdditiveSchwarz(torch.float32, Inv(torch.float16), CUDSS, const_dofs_per_coarse=False), bsr_matmul=True)",False,0,1,10,,2.7542335153011576e-11,"{'iterations': 111, 'residual norms': [0.027077948860412045, 6.814319110738731, 6.317590895795494, 7.16675192514289, 5.497866246920244, 6.231440198185952, 4.180995264289616, 2.3433560830398172, 1.3239637287362382, 0.42991704765972305, 0.2519935872117617, 0.1343024883194113, 0.06373183014645097, 0.023239992823807204, 0.019807486386637905, 0.01646624933664252, 0.018235471554706915, 0.026864624563600704, 0.009637833546698714, 0.017689560793578418, 0.012671491970766242, 0.004195015672728151, 0.0033360836868370023, 0.003386717115612202, 0.0021646357004058204, 0.0013882894464549952, 0.0011528859401725104, 0.0010853348561166041, 0.0008746943479869996, 0.0005151304682352963, 0.0005418399506805024, 0.0006987120564791193, 0.0005694488829785083, 0.00043483486959360404, 0.00028625487917461164, 0.00016980850328887208, 0.00011222696081265605, 8.136641980199424e-05, 6.126893564047575e-05, 4.600117876952571e-05, 3.477513737762868e-05, 3.7177622375508796e-05, 3.050487959573825e-05, 2.4534932623774292e-05, 2.220466341780213e-05, 2.1442850945072275e-05, 1.9070129966100682e-05, 1.4786169605544663e-05, 1.441401148719715e-05, 9.846672135226916e-06, 5.609443868829757e-06, 3.3955458956931123e-06, 2.8520076261214504e-06, 1.9322248777041065e-06, 1.4362203512618174e-06, 1.4880076987496146e-06, 1.3256388434981962e-06, 1.212780997503923e-06, 1.0211345079544437e-06, 7.998366777799508e-07, 6.375026796635882e-07, 5.611718698530565e-07, 5.229149187630743e-07, 4.1927563247163257e-07, 2.892549943219679e-07, 2.1155614121119573e-07, 1.7002801360749196e-07, 1.315835281365157e-07, 1.2181662697788647e-07, 1.0656079767122654e-07, 9.302942736879251e-08, 6.948042626461425e-08, 4.8825120851083665e-08, 3.911699120915186e-08, 3.249141155042369e-08, 2.850005806615892e-08, 2.2399839296854443e-08, 2.0131552398369138e-08, 1.7278628920744023e-08, 1.4149836027307563e-08, 1.076661669027535e-08, 8.41673156696512e-09, 7.756875433968264e-09, 6.55232088501018e-09, 5.429970743214109e-09, 4.417994772251811e-09, 3.612048435382056e-09, 2.9955343485179397e-09, 2.6890000155876666e-09, 1.871412488974697e-09, 1.5429607597409488e-09, 1.2299957583938715e-09, 1.0442516179619525e-09, 8.301781546349345e-10, 6.827916373455007e-10, 5.086802689369485e-10, 4.492834163944298e-10, 3.8057335764089944e-10, 3.296515715330286e-10, 2.7506146788557825e-10, 2.1217298655255182e-10, 1.8101764654678128e-10, 1.4826741456747905e-10, 1.209128926417126e-10, 9.116421160889682e-11, 7.102707286164413e-11, 6.47675653787168e-11, 6.00910920068904e-11, 4.933727506643225e-11, 3.735702883303447e-11, 3.1626112256421236e-11, 2.5177504039618388e-11], 'preconditioner metadata': [{}, {}, {}, {}, {}, {}, {}, {}, {}, {}, {}, {}, {}, {}, {}, {}, {}, {}, {}, {}, {}, {}, {}, {}, {}, {}, {}, {}, {}, {}, {}, {}, {}, {}, {}, {}, {}, {}, {}, {}, {}, {}, {}, {}, {}, {}, {}, {}, {}, {}, {}, {}, {}, {}, {}, {}, {}, {}, {}, {}, {}, {}, {}, {}, {}, {}, {}, {}, {}, {}, {}, {}, {}, {}, {}, {}, {}, {}, {}, {}, {}, {}, {}, {}, {}, {}, {}, {}, {}, {}, {}, {}, {}, {}, {}, {}, {}, {}, {}, {}, {}, {}, {}, {}, {}, {}, {}, {}, {}, {}, {}]}",,"[2884.26953125, 2772.95068359375, 2774.800537109375, 2772.546875, 2774.9404296875, 2773.896484375, 2773.896728515625, 2773.2353515625, 2773.4287109375, 2773.533935546875]",[1118.6937255859375],[3607.929931640625],[3486.5029296875],[411.6369934082031],[212.45980834960938]
2025-12-11T13:08:42.093012+00:00,continuous coefficient 2D,1,"uniform(2D,12)",S12,S12,C10,"CG(HybridSchwarz(torch.float64, Inv(torch.float16), CUDSS), bsr_matmul=True)",False,0,1,10,,2.3913826991734666e-11,"{'iterations': 90, 'residual norms': [6.814222784495133, 6.312009939371247, 7.129577273678691, 5.292087925888879, 6.311998907239574, 4.051737283467754, 1.7022872800441597, 1.2677680561724707, 0.34943520886523466, 0.1832334492514894, 0.10831637392990653, 0.030748642255953227, 0.023070981800648673, 0.024723399120237216, 0.020755337993932674, 0.023456928243916757, 0.011592975768017185, 0.01762159751644537, 0.011893792048007975, 0.0061536225352810696, 0.002542681470830198, 0.002280711722414868, 0.001398545446400073, 0.0004670159763681198, 0.0002997426468556431, 0.00029005118221408675, 0.00019518971749726686, 9.965185814007363e-05, 6.400299998453673e-05, 4.2847650654798064e-05, 3.358795299226848e-05, 2.857808725019966e-05, 2.9232423202914614e-05, 2.9764464610168475e-05, 2.5522805619128754e-05, 1.929424792560438e-05, 1.037920435527328e-05, 6.557971767395847e-06, 3.944072530167459e-06, 3.4862306235033176e-06, 3.224754321825398e-06, 2.2865132120389984e-06, 2.2558856924403725e-06, 1.408549505310942e-06, 8.268269241372386e-07, 6.64181780211342e-07, 6.659596187187844e-07, 5.379515267551918e-07, 4.6523367297453716e-07, 3.534080992760521e-07, 2.4899927845825954e-07, 1.752392903455163e-07, 1.4400853830439322e-07, 9.164770297266869e-08, 8.542636323468723e-08, 6.552368244208072e-08, 5.906542062736743e-08, 4.081920327097938e-08, 3.1629927777411596e-08, 2.7434814812364525e-08, 2.0438731803962624e-08, 1.5929297559799077e-08, 1.254432830367662e-08, 9.684011494045236e-09, 8.559432979560031e-09, 6.667049799996112e-09, 5.114407792119122e-09, 3.886888029457059e-09, 2.9045006744623465e-09, 2.4471196906928893e-09, 2.0855967660658113e-09, 1.726024665973603e-09, 1.2514274359830549e-09, 1.0408310899125779e-09, 9.844738632760398e-10, 6.921140428960174e-10, 5.581800834731242e-10, 4.3916184333865697e-10, 3.517075958685267e-10, 2.8060569611642177e-10, 2.1184792008125774e-10, 1.6901085244519682e-10, 1.4258155739539308e-10, 1.1919997484562272e-10, 9.132377955035958e-11, 6.794756406627129e-11, 5.456945815513926e-11, 4.5666836619941914e-11, 3.7216342096765446e-11, 2.8148050444083146e-11, 2.166484245762952e-11], 'preconditioner metadata': [{}, {}, {}, {}, {}, {}, {}, {}, {}, {}, {}, {}, {}, {}, {}, {}, {}, {}, {}, {}, {}, {}, {}, {}, {}, {}, {}, {}, {}, {}, {}, {}, {}, {}, {}, {}, {}, {}, {}, {}, {}, {}, {}, {}, {}, {}, {}, {}, {}, {}, {}, {}, {}, {}, {}, {}, {}, {}, {}, {}, {}, {}, {}, {}, {}, {}, {}, {}, {}, {}, {}, {}, {}, {}, {}, {}, {}, {}, {}, {}, {}, {}, {}, {}, {}, {}, {}, {}, {}, {}]}",,"[2433.713623046875, 2340.18798828125, 2333.813720703125, 2331.15283203125, 2333.681396484375, 2336.3125, 2333.3232421875, 2333.020751953125, 2331.677001953125, 2332.238037109375]",[1092.489501953125],[3633.59033203125],[5793.47412109375],[754.9336547851562],[399.33306884765625]
2025-12-11T13:09:29.952217+00:00,continuous coefficient 2D,1,"uniform(2D,12)",S12,S11,C11,"CG(AdditiveSchwarz(torch.float32, Inv(torch.float16), CUDSS, const_dofs_per_coarse=False), bsr_matmul=True)",False,0,1,10,,2.094095347227216e-11,"{'iterations': 67, 'residual norms': [0.027077948860412045, 9.636848710799766, 8.72271561843941, 7.204439589317496, 2.25147364907715, 1.0181494433650466, 0.44279239997333936, 0.21378305359996821, 0.10136644586451707, 0.04000470770860387, 0.023872386486749414, 0.016480305469920516, 0.012778981458715956, 0.012720868358008152, 0.01161199089377432, 0.0035698752714276817, 0.0020024463437152955, 0.0017036851843846858, 0.001666069776013503, 0.000979697310138305, 0.0005341194272940843, 0.0005734531248482392, 0.0003915346002212433, 0.00015340360898271293, 7.855413224757638e-05, 9.758447577329597e-05, 5.831478344134413e-05, 3.1449315049876266e-05, 2.7701898380698305e-05, 1.5636194730086772e-05, 1.2681030233242777e-05, 9.08865172581123e-06, 3.6348524550023867e-06, 3.2273249531266164e-06, 2.7708500108938507e-06, 1.983853649688569e-06, 1.8047942005099801e-06, 1.093386007613449e-06, 5.065543865095503e-07, 3.439677998970562e-07, 2.2123207482926266e-07, 2.2909417101934346e-07, 1.7296651782342596e-07, 1.2653843900940566e-07, 8.01246622080382e-08, 4.0726594386700796e-08, 3.3506797099924465e-08, 2.6266064163681152e-08, 1.7744268646497456e-08, 1.1210514987737121e-08, 8.024625657406436e-09, 6.2488525705493e-09, 5.724290586314834e-09, 3.9648681938876014e-09, 2.1871097057575743e-09, 1.2273303013895696e-09, 8.131865346693099e-10, 6.185641206972957e-10, 5.236621529824888e-10, 4.684422979944118e-10, 2.8221880424639507e-10, 1.8253894762566203e-10, 1.1023964845698135e-10, 8.755760061882581e-11, 5.929492067695453e-11, 4.3398466808248316e-11, 3.0791611146590574e-11, 1.89668916391466e-11], 'preconditioner metadata': [{}, {}, {}, {}, {}, {}, {}, {}, {}, {}, {}, {}, {}, {}, {}, {}, {}, {}, {}, {}, {}, {}, {}, {}, {}, {}, {}, {}, {}, {}, {}, {}, {}, {}, {}, {}, {}, {}, {}, {}, {}, {}, {}, {}, {}, {}, {}, {}, {}, {}, {}, {}, {}, {}, {}, {}, {}, {}, {}, {}, {}, {}, {}, {}, {}, {}, {}]}",,"[3066.50390625, 2953.489013671875, 2954.988525390625, 2955.763671875, 2956.990966796875, 2954.01171875, 2955.09375, 2955.763916015625, 2956.3271484375, 2955.8359375]",[996.7025756835938],[3706.3447265625],[7527.94287109375],[534.9691772460938],[400.5621643066406]
2025-12-11T13:10:08.545551+00:00,continuous coefficient 2D,1,"uniform(2D,12)",S12,S11,C11,"CG(HybridSchwarz(torch.float64, Inv(torch.float16), CUDSS), bsr_matmul=True)",False,0,1,10,,2.478891759477301e-11,"{'iterations': 44, 'residual norms': [9.63677243497177, 8.712191340596098, 7.119825378383589, 2.1250274805449454, 0.8049967274838928, 0.25626675143231653, 0.11427523060005099, 0.04057391603465267, 0.02215891791420851, 0.018190761522761327, 0.01442634554321805, 0.008927552446329064, 0.002782875674273899, 0.0010229844930622542, 0.0005753143091751243, 0.0005694455864665786, 0.00013435716703526397, 4.252579378856568e-05, 3.534192794486213e-05, 2.0351323648380654e-05, 1.0236657890339843e-05, 5.5352982259908625e-06, 4.224426823164777e-06, 2.596166641759624e-06, 1.3445751653572809e-06, 6.593907794796589e-07, 2.186670761964184e-07, 1.2409079507521093e-07, 7.904174200528496e-08, 4.30208265094798e-08, 3.53955216957945e-08, 1.745952150526803e-08, 1.0776026773394853e-08, 6.758661555955715e-09, 5.574093524094983e-09, 2.6915295122850316e-09, 1.565661151729902e-09, 6.536260468095746e-10, 3.2737662363377e-10, 2.6435518967981517e-10, 2.0085435262677516e-10, 1.0756529846776546e-10, 5.6721458902414234e-11, 3.869169301481582e-11, 2.3672255700801526e-11], 'preconditioner metadata': [{}, {}, {}, {}, {}, {}, {}, {}, {}, {}, {}, {}, {}, {}, {}, {}, {}, {}, {}, {}, {}, {}, {}, {}, {}, {}, {}, {}, {}, {}, {}, {}, {}, {}, {}, {}, {}, {}, {}, {}, {}, {}, {}, {}]}",,"[1970.247802734375, 1886.9693603515625, 1889.4661865234375, 1887.91064453125, 1888.26953125, 1888.4239501953125, 1889.24951171875, 1888.0382080078125, 1889.004150390625, 1887.9010009765625]",[1037.7979736328125],[3599.18115234375],[9615.529296875],[428.80322265625],[392.77471923828125]
2025-12-11T13:11:00.037725+00:00,continuous coefficient 2D,1,"uniform(2D,12)",S12,S12,C11,"CG(AdditiveSchwarz(torch.float32, Inv(torch.float16), CUDSS, const_dofs_per_coarse=False), bsr_matmul=True)",False,0,1,10,,2.3823222843780205e-11,"{'iterations': 68, 'residual norms': [0.027077948860412045, 9.63685836682113, 8.930506292107347, 7.191716987666537, 2.9128548628261517, 1.3168964508875192, 0.6470160586390719, 0.2625038910727143, 0.02090890159086303, 0.014680726416846507, 0.018359216909677945, 0.0072454718093915935, 0.003961680907588994, 0.0037931700196111194, 0.0026950977131578163, 0.0016254393107481189, 0.0014062315573536112, 0.0010805737852944176, 0.0008443821819970039, 0.0005640328433950474, 0.0002703083506489768, 0.00018981290824574638, 0.00012361907299161817, 0.00012058016867141612, 8.322688600909231e-05, 6.708356953400993e-05, 3.95905464649468e-05, 2.455517234547833e-05, 1.695043289296247e-05, 1.0038032820084098e-05, 9.219958560912644e-06, 6.56292734244479e-06, 4.938448644010478e-06, 4.170781978061778e-06, 2.509423549109171e-06, 1.5137747490130363e-06, 1.0083436234838092e-06, 7.205981736569875e-07, 4.883654569525366e-07, 4.5569077358338407e-07, 3.3180228854439843e-07, 2.043065428153037e-07, 1.439445679147032e-07, 9.782659514742854e-08, 6.695179735952567e-08, 4.733477324632488e-08, 3.918512696576639e-08, 2.6800963887500057e-08, 1.8501902605959795e-08, 1.3474625443169446e-08, 9.768721278572995e-09, 6.832967608908666e-09, 5.238414886320645e-09, 3.6927100263399405e-09, 2.3255932509260513e-09, 1.728531224538417e-09, 1.2717352358558759e-09, 8.169283148141275e-10, 6.300521118336627e-10, 4.66025918275949e-10, 3.7076429012071155e-10, 2.4844543580210245e-10, 1.7459632719417137e-10, 1.0469607950001794e-10, 8.166904230277208e-11, 6.21369170895998e-11, 4.501830352160154e-11, 2.900476899934765e-11, 2.2097981014278508e-11], 'preconditioner metadata': [{}, {}, {}, {}, {}, {}, {}, {}, {}, {}, {}, {}, {}, {}, {}, {}, {}, {}, {}, {}, {}, {}, {}, {}, {}, {}, {}, {}, {}, {}, {}, {}, {}, {}, {}, {}, {}, {}, {}, {}, {}, {}, {}, {}, {}, {}, {}, {}, {}, {}, {}, {}, {}, {}, {}, {}, {}, {}, {}, {}, {}, {}, {}, {}, {}, {}, {}, {}]}",,"[3089.276611328125, 2975.89013671875, 2975.86474609375, 2975.842041015625, 2975.080810546875, 2974.86279296875, 2976.40576171875, 2976.13818359375, 2976.421142578125, 2976.028564453125]",[869.7348022460938],[3668.74658203125],[7332.08740234375],[378.67657470703125],[470.133056640625]
2025-12-11T13:11:45.386900+00:00,continuous coefficient 2D,1,"uniform(2D,12)",S12,S12,C11,"CG(HybridSchwarz(torch.float64, Inv(torch.float16), CUDSS), bsr_matmul=True)",False,0,1,10,,2.685440145998156e-11,"{'iterations': 51, 'residual norms': [9.636772434966081, 8.926552821578364, 7.156389881066924, 2.8024567441074093, 1.3184618825997634, 0.607939313064796, 0.02860093812692587, 0.028004605112586414, 0.02764333554099885, 0.011334973383856925, 0.0049080762705041026, 0.0020704146725203892, 0.0015767651878246327, 0.0009019628190756589, 0.00041567783421451716, 0.0003220401717368622, 0.0002492543115541335, 0.00016142412901312152, 0.00013446284730454428, 4.94461730444009e-05, 2.324959782953685e-05, 1.0777910398737141e-05, 7.053703919763104e-06, 4.527866604384863e-06, 3.257408504831907e-06, 2.440926714164824e-06, 1.402250057954287e-06, 9.87580263382526e-07, 5.442762585877522e-07, 3.50410910185174e-07, 2.10482331846754e-07, 1.5214867405346358e-07, 9.202475692834538e-08, 6.02220708400472e-08, 3.404726724649775e-08, 1.9431738075975908e-08, 1.2168318621941964e-08, 7.635636280364836e-09, 5.847996978904144e-09, 3.791206056465128e-09, 2.572306756608645e-09, 1.4438488924669212e-09, 9.533164328666147e-10, 7.113750162412711e-10, 4.3005899497412934e-10, 2.95669684611245e-10, 1.8333933412039748e-10, 1.1468029823193895e-10, 7.064997350887712e-11, 4.893364068402205e-11, 3.440825550038099e-11, 2.5685083841969415e-11], 'preconditioner metadata': [{}, {}, {}, {}, {}, {}, {}, {}, {}, {}, {}, {}, {}, {}, {}, {}, {}, {}, {}, {}, {}, {}, {}, {}, {}, {}, {}, {}, {}, {}, {}, {}, {}, {}, {}, {}, {}, {}, {}, {}, {}, {}, {}, {}, {}, {}, {}, {}, {}, {}, {}]}",,"[2225.9404296875, 2139.23828125, 2138.725830078125, 2138.527099609375, 2138.162109375, 2139.541259765625, 2139.027587890625, 2140.26220703125, 2139.49267578125, 2139.18310546875]",[937.3258056640625],[3632.724609375],[9330.970703125],[468.6844482421875],[403.6715087890625]
2025-12-11T13:13:30.997802+00:00,continuous coefficient 2D,1,"uniform(2D,12)",S12,S12,C12,"CG(AdditiveSchwarz(torch.float32, Inv(torch.float16), CUDSS, const_dofs_per_coarse=False), bsr_matmul=True)",False,0,1,10,,2.602644633131538e-11,"{'iterations': 49, 'residual norms': [0.027077948860412045, 13.627582111357126, 5.532835359710245, 4.222933561558587, 1.4607783348682941, 0.1165475714926967, 0.016930415588860163, 0.006758549251335572, 0.0038274090041157728, 0.004545750614314096, 0.003239391833387762, 0.0015321842393337406, 0.0007325180143356577, 0.0003867515141544012, 0.0002484082371928711, 0.00017695856878142412, 0.00013642804058264905, 6.924452860980013e-05, 4.311307111027885e-05, 2.0994364044170808e-05, 1.536433043933021e-05, 1.0892729667999823e-05, 6.281127295729521e-06, 4.1860333993127415e-06, 2.4998090600894696e-06, 1.7302354561799702e-06, 9.805388771994704e-07, 5.895684637109846e-07, 4.121529003416178e-07, 2.4968409030789675e-07, 1.636072889210021e-07, 9.966306782145425e-08, 6.905673251125738e-08, 4.295547744089508e-08, 2.4379336631361115e-08, 1.4893133134712941e-08, 1.0219577059269866e-08, 6.72797784701147e-09, 4.192773967076478e-09, 2.7134807329745003e-09, 1.7190922378014542e-09, 9.670651782293056e-10, 6.062757750414366e-10, 4.404998477182946e-10, 2.944980200787747e-10, 1.6019823199416562e-10, 9.574936295784396e-11, 6.330002050938014e-11, 4.328101201082346e-11, 2.4850867833742423e-11], 'preconditioner metadata': [{}, {}, {}, {}, {}, {}, {}, {}, {}, {}, {}, {}, {}, {}, {}, {}, {}, {}, {}, {}, {}, {}, {}, {}, {}, {}, {}, {}, {}, {}, {}, {}, {}, {}, {}, {}, {}, {}, {}, {}, {}, {}, {}, {}, {}, {}, {}, {}, {}]}",,"[5841.2197265625, 5714.02734375, 5715.7158203125, 5718.05078125, 5716.31787109375, 5718.060546875, 5715.45361328125, 5714.12109375, 5715.4072265625, 5715.96337890625]",[1084.5438232421875],[3736.40283203125],[26338.84375],[395.0638427734375],[636.1424560546875]
2025-12-11T13:15:00.564356+00:00,continuous coefficient 2D,1,"uniform(2D,12)",S12,S12,C12,"CG(HybridSchwarz(torch.float64, Inv(torch.float16), CUDSS), bsr_matmul=True)",False,0,1,10,,1.7406690728249436e-11,"{'iterations': 37, 'residual norms': [13.628454160435275, 5.52903259869918, 4.153632645443437, 0.14388893175479556, 0.02744799843689768, 0.010737971260894437, 0.004325384290972825, 0.0025711098524082757, 0.002324581499184463, 0.00121529883456661, 0.00034196658669858823, 0.00014981274140837925, 9.26781673735576e-05, 5.4788148795803306e-05, 3.294961904276639e-05, 1.5309915561275105e-05, 7.829987239091296e-06, 3.9119162151734984e-06, 2.03808058261321e-06, 1.2409232477277256e-06, 7.384608455841033e-07, 3.5262147818084646e-07, 1.8089484186960406e-07, 9.134205060882539e-08, 5.06555358596672e-08, 2.915844918757395e-08, 1.587487433966336e-08, 8.656158285737385e-09, 4.137751948126221e-09, 2.1719875964225325e-09, 1.2621216084285979e-09, 7.069663250836851e-10, 3.590316725366402e-10, 1.9540378050592613e-10, 9.770358158007504e-11, 5.567177046022993e-11, 2.9790411232179794e-11, 1.601116127580761e-11], 'preconditioner metadata': [{}, {}, {}, {}, {}, {}, {}, {}, {}, {}, {}, {}, {}, {}, {}, {}, {}, {}, {}, {}, {}, {}, {}, {}, {}, {}, {}, {}, {}, {}, {}, {}, {}, {}, {}, {}, {}]}",,"[3851.95458984375, 3851.54931640625, 3845.11572265625, 3846.55126953125, 3844.3046875, 3847.954833984375, 3845.917724609375, 3846.69189453125, 3846.245361328125, 3844.878662109375]",[3680.27099609375],[3630.519287109375],[28625.177734375],[633.7515258789062],[415.6656494140625]
