datetime,test case,p,mesh family,fine m,solvers m,coarse m,solver,random rhs,solution warmup steps,solution measurement steps,solution repetitions,DoFs,matrix nnz,residual norm,metadata,setup metadata,solve times,matrix and DOF map copy times,matrix permute times,solver setup times,rhs copy and permute times,solution permute and copy times,exception
2025-12-26T12:25:35.062267+00:00,continuous coefficient 2D,1,"uniform(2D,10)",S5,C4,C4,"CG(AdditiveSchwarz(torch.float32, Inv(torch.float16), CUDSS, const_dofs_per_coarse=False), bsr_matmul=True)",False,0,1,10,6144,72576,3.1677279434030307e-09,"{'iterations': 54, 'residual norms': [3.356763832674468, 10.192074349117387, 7.3811522520663555, 6.131239938822417, 3.535789861187857, 1.2297398080108233, 0.426001638231749, 0.2342068796365921, 0.11907398894525484, 0.05767533707131188, 0.06767831468710471, 0.06615247538543392, 0.025208822585597594, 0.012228872673531203, 0.008219819356108434, 0.010367515755404243, 0.006865626690475938, 0.0028435096407153438, 0.001698188833209586, 0.001619540058048758, 0.001093344273845043, 0.0009054084842978563, 0.0006304411843464545, 0.00028690595759517, 0.0001652578943717632, 0.00011602477427985597, 0.00012435130289558687, 8.066405872245133e-05, 4.884643927915082e-05, 2.357829135638092e-05, 1.779507505605847e-05, 1.6481304648740032e-05, 1.3362813403490445e-05, 1.0159583721519653e-05, 4.772027661514212e-06, 3.0604324778046156e-06, 3.060092188507739e-06, 2.305074632175349e-06, 1.7185350523432176e-06, 1.0780991215957718e-06, 4.926493767102778e-07, 2.919280098453343e-07, 2.985058105674094e-07, 2.1319877744652688e-07, 1.0630849928057019e-07, 7.626222913826989e-08, 5.6857003068368815e-08, 4.7638444692484085e-08, 3.491456953759603e-08, 2.1779708427437402e-08, 1.3338733008555907e-08, 1.0678715124249777e-08, 8.189103879332141e-09, 5.050723859301352e-09, 3.1677257420681052e-09], 'preconditioner metadata': [{}, {}, {}, {}, {}, {}, {}, {}, {}, {}, {}, {}, {}, {}, {}, {}, {}, {}, {}, {}, {}, {}, {}, {}, {}, {}, {}, {}, {}, {}, {}, {}, {}, {}, {}, {}, {}, {}, {}, {}, {}, {}, {}, {}, {}, {}, {}, {}, {}, {}, {}, {}, {}, {}]}",,"[1518.4969482421875, 67.83475494384766, 67.78227233886719, 67.35132598876953, 67.73117065429688, 67.07286071777344, 65.82160186767578, 66.2375717163086, 66.24041748046875, 66.02899169921875]",[1.4504640102386475],[566.0152587890625],[1030.76123046875],[0.2070080041885376],[0.150176003575325],
2025-12-26T12:25:37.399252+00:00,continuous coefficient 2D,1,"uniform(2D,10)",S5,C4,C4,"CG(HybridSchwarz(torch.float64, Inv(torch.float16), CUDSS), bsr_matmul=True)",False,0,1,10,6144,72576,2.735234767503811e-09,"{'iterations': 32, 'residual norms': [9.4227533125164, 6.677180433623961, 5.346855625870131, 1.9897567408431371, 0.39738798003997944, 0.21004611834604528, 0.1514229474141298, 0.10112600094048006, 0.023338982523666632, 0.010142956972716003, 0.00502149276690736, 0.004243835364388972, 0.0027383234618637616, 0.0009143254728147958, 0.0003716167890685466, 0.00021056442910504154, 0.00018880865242718332, 6.506457684233835e-05, 3.109612965586937e-05, 1.2367725717141841e-05, 6.338991089696147e-06, 4.245385084987346e-06, 2.719953624544535e-06, 8.580722624457496e-07, 4.813183414299784e-07, 2.099856770844143e-07, 1.715672387604999e-07, 7.491689530628802e-08, 2.3960142685342537e-08, 1.6702152500637336e-08, 1.141576156405009e-08, 6.2828681649178815e-09, 2.7352329215213614e-09], 'preconditioner metadata': [{}, {}, {}, {}, {}, {}, {}, {}, {}, {}, {}, {}, {}, {}, {}, {}, {}, {}, {}, {}, {}, {}, {}, {}, {}, {}, {}, {}, {}, {}, {}, {}]}",,"[187.67340087890625, 39.15526580810547, 39.866111755371094, 39.059871673583984, 38.431392669677734, 38.76249694824219, 38.68080139160156, 39.009342193603516, 39.76144027709961, 40.37081527709961]",[0.695743978023529],[602.2910766601562],[1023.1221313476562],[0.14694400131702423],[0.10704000294208527],
2025-12-26T12:25:38.694599+00:00,continuous coefficient 2D,1,"uniform(2D,10)",S5,C4,C4,"CG(AMGX(L1_TRUNC, torch.float32), bsr_matmul=True)",False,0,1,10,6144,72576,2.8309374227209182e-09,"{'iterations': 31, 'residual norms': [3.356763832674468, 5.619949660512468, 3.0401941900043594, 1.772965453259727, 0.9029038933132132, 0.414924745460401, 0.1817348333080654, 0.08713808278533926, 0.04367296784513625, 0.022501923000392523, 0.01096692791480031, 0.005263769618146466, 0.002594334868153569, 0.0012068825358734334, 0.0005868522805866437, 0.0002886283075832665, 0.00014123355679682227, 6.821321020199107e-05, 3.246855001038678e-05, 1.5322537248312573e-05, 7.5641421938571865e-06, 3.921628734689623e-06, 1.9458033020142145e-06, 9.383718982446883e-07, 4.419384818541019e-07, 2.1633723102383575e-07, 1.0964318667271674e-07, 5.29146724096772e-08, 2.4658529714420825e-08, 1.169691589996513e-08, 5.642519397217639e-09, 2.8309374196732048e-09], 'preconditioner metadata': [{}, {}, {}, {}, {}, {}, {}, {}, {}, {}, {}, {}, {}, {}, {}, {}, {}, {}, {}, {}, {}, {}, {}, {}, {}, {}, {}, {}, {}, {}, {}]}",,"[128.88099670410156, 33.94086456298828, 34.251712799072266, 34.158592224121094, 34.17388916015625, 33.56288146972656, 33.87500762939453, 33.87343978881836, 33.861759185791016, 34.10822296142578]",[0.6528000235557556],[625.3552856445312],[59.4925422668457],[0.13952000439167023],[0.1061440035700798],
2025-12-26T12:25:39.998529+00:00,continuous coefficient 2D,1,"uniform(2D,10)",S5,C4,C4,"CG(AMGX(L1_TRUNC, None), bsr_matmul=True)",False,0,1,10,6144,72576,2.8309376177432493e-09,"{'iterations': 31, 'residual norms': [3.356763832674468, 5.619949502261165, 3.040194215681922, 1.7729653314068132, 0.9029038979417483, 0.41492474690976233, 0.18173484033621093, 0.0871380843632701, 0.04367296935403936, 0.022501922508536134, 0.01096692847941032, 0.005263769706761522, 0.002594335026827376, 0.0012068825780249793, 0.0005868523245480413, 0.0002886283229145358, 0.00014123356108411585, 6.821321350872565e-05, 3.246855341777905e-05, 1.5322539205284003e-05, 7.5641431288823575e-06, 3.921629519494628e-06, 1.9458039658441183e-06, 9.383722881569832e-07, 4.41938655126308e-07, 2.1633731425091492e-07, 1.0964322006077303e-07, 5.29146870129029e-08, 2.4658537533191928e-08, 1.1696919339401027e-08, 5.6425210317678474e-09, 2.8309380228013295e-09], 'preconditioner metadata': [{}, {}, {}, {}, {}, {}, {}, {}, {}, {}, {}, {}, {}, {}, {}, {}, {}, {}, {}, {}, {}, {}, {}, {}, {}, {}, {}, {}, {}, {}, {}]}",,"[131.45980834960938, 35.21779251098633, 35.749759674072266, 35.43065643310547, 35.08857727050781, 35.50486373901367, 34.9901123046875, 35.45622253417969, 35.64524841308594, 34.911582946777344]",[0.767520010471344],[628.135498046875],[47.901119232177734],[0.14550399780273438],[0.11923199892044067],
2025-12-26T12:25:40.918382+00:00,continuous coefficient 2D,1,"uniform(2D,10)",S5,C4,C4,"AMGX(CG_L1_TRUNC, None)",False,0,1,10,6144,72576,2.830937831041587e-09,{},,"[7.142335891723633, 6.571807861328125, 6.529344081878662, 6.565120220184326, 6.5469441413879395, 6.5537919998168945, 6.546879768371582, 6.551487922668457, 6.5385918617248535, 6.5564799308776855]",[0.7400320172309875],[627.034423828125],[50.730430603027344],[0.14822399616241455],[0.11334399878978729],
2025-12-26T12:25:42.666864+00:00,continuous coefficient 2D,1,"uniform(2D,10)",S5,C4,C4,"CG(AdditiveSchwarz(torch.float32, Inv(torch.float16), CUDSS, const_dofs_per_coarse=False), bsr_matmul=False)",False,0,1,10,6144,72576,3.1676863110020885e-09,"{'iterations': 54, 'residual norms': [3.356763832674468, 10.192074368203302, 7.381152276144639, 6.131239938194737, 3.535789897098135, 1.2297398479520187, 0.4260016582191883, 0.23420686856956724, 0.119073971695778, 0.05767531977764473, 0.067678300158887, 0.0661524272166151, 0.025208801180788665, 0.012228863406919204, 0.008219813390387746, 0.010367511361683594, 0.006865619103663032, 0.0028435066405047573, 0.0016981888536325305, 0.001619538149339938, 0.0010933437760413539, 0.0009054078435634361, 0.0006304399825024391, 0.0002869054331465667, 0.0001652573374652819, 0.00011602481252994483, 0.00012435118000475202, 8.066363406426958e-05, 4.884619561093961e-05, 2.3578104786444997e-05, 1.7795058080837226e-05, 1.6481278037048778e-05, 1.336280718666499e-05, 1.0159495770983291e-05, 4.77199141275733e-06, 3.0604275012445097e-06, 3.0600927104564446e-06, 2.3050622046809203e-06, 1.7185334685437143e-06, 1.0780922673361237e-06, 4.926460807564952e-07, 2.9192676156231007e-07, 2.9850508675359606e-07, 2.1319849703256575e-07, 1.0630837182944457e-07, 7.62620347043632e-08, 5.6856845067070866e-08, 4.7638307850131766e-08, 3.491446055072679e-08, 2.177964776140059e-08, 1.3338709480997914e-08, 1.0678702871256541e-08, 8.189083555775447e-09, 5.050688691123716e-09, 3.167687855342809e-09], 'preconditioner metadata': [{}, {}, {}, {}, {}, {}, {}, {}, {}, {}, {}, {}, {}, {}, {}, {}, {}, {}, {}, {}, {}, {}, {}, {}, {}, {}, {}, {}, {}, {}, {}, {}, {}, {}, {}, {}, {}, {}, {}, {}, {}, {}, {}, {}, {}, {}, {}, {}, {}, {}, {}, {}, {}, {}]}",,"[29.358112335205078, 28.502336502075195, 28.59539222717285, 28.345216751098633, 28.65772819519043, 28.681760787963867, 28.43846321105957, 28.580480575561523, 28.33910369873047, 28.53286361694336]",[0.7499520182609558],[648.1749267578125],[651.0128784179688],[0.12678399682044983],[0.11750400066375732],
2025-12-26T12:25:44.273577+00:00,continuous coefficient 2D,1,"uniform(2D,10)",S5,C4,C4,"CG(HybridSchwarz(torch.float64, Inv(torch.float16), CUDSS), bsr_matmul=False)",False,0,1,10,6144,72576,2.7352345865964945e-09,"{'iterations': 32, 'residual norms': [9.4227533125164, 6.677180433623959, 5.346855625870131, 1.989756740843137, 0.39738798003997916, 0.21004611834604472, 0.15142294741412934, 0.10112600094048, 0.023338982523666667, 0.010142956972715965, 0.005021492766907468, 0.004243835364389508, 0.0027383234618644225, 0.0009143254728152, 0.0003716167890688532, 0.00021056442910545573, 0.00018880865242783528, 6.506457684255343e-05, 3.10961296560869e-05, 1.2367725717225169e-05, 6.338991089851905e-06, 4.245385085190853e-06, 2.7199536246445532e-06, 8.580722624908035e-07, 4.813183415716628e-07, 2.0998567717154805e-07, 1.715672387485497e-07, 7.491689541734442e-08, 2.3960142796534388e-08, 1.6702152495747994e-08, 1.141576164660491e-08, 6.282868409593835e-09, 2.7352332202266323e-09], 'preconditioner metadata': [{}, {}, {}, {}, {}, {}, {}, {}, {}, {}, {}, {}, {}, {}, {}, {}, {}, {}, {}, {}, {}, {}, {}, {}, {}, {}, {}, {}, {}, {}, {}, {}]}",,"[17.21891212463379, 16.456928253173828, 16.548799514770508, 16.44060707092285, 16.531648635864258, 16.473535537719727, 16.414335250854492, 16.21116828918457, 16.22275161743164, 16.55353546142578]",[0.6636160016059875],[634.5997314453125],[647.2581176757812],[0.10681600123643875],[0.09359999746084213],
2025-12-26T12:25:45.266238+00:00,continuous coefficient 2D,1,"uniform(2D,10)",S5,C4,C4,"CG(AMGX(L1_TRUNC, torch.float32), bsr_matmul=False)",False,0,1,10,6144,72576,2.830938120122816e-09,"{'iterations': 31, 'residual norms': [3.356763832674468, 5.61994966051247, 3.04019419000436, 1.7729654532597274, 0.9029038933132131, 0.41492474546040076, 0.18173483330806534, 0.08713808278533901, 0.04367296784513615, 0.022501923000392922, 0.010966927914799323, 0.0052637696181463784, 0.0025943348681526967, 0.0012068825358734134, 0.0005868522803016184, 0.0002886283066485919, 0.00014123355661064575, 6.821321014815638e-05, 3.24685500795057e-05, 1.532253734133005e-05, 7.564142131095626e-06, 3.921628695481738e-06, 1.9458032784513406e-06, 9.383718905448648e-07, 4.4193848176843495e-07, 2.163372281840076e-07, 1.0964318866802014e-07, 5.291467574365412e-08, 2.46585312760475e-08, 1.1696916847262192e-08, 5.642519538564285e-09, 2.8309374493089917e-09], 'preconditioner metadata': [{}, {}, {}, {}, {}, {}, {}, {}, {}, {}, {}, {}, {}, {}, {}, {}, {}, {}, {}, {}, {}, {}, {}, {}, {}, {}, {}, {}, {}, {}, {}]}",,"[14.251296043395996, 13.56265640258789, 13.510175704956055, 13.547231674194336, 13.73964786529541, 13.652447700500488, 13.517727851867676, 13.5982084274292, 13.532608032226562, 13.506175994873047]",[0.6510400176048279],[631.6115112304688],[46.69027328491211],[0.15030400454998016],[0.09471999853849411],
2025-12-26T12:25:46.264308+00:00,continuous coefficient 2D,1,"uniform(2D,10)",S5,C4,C4,"CG(AMGX(L1_TRUNC, None), bsr_matmul=False)",False,0,1,10,6144,72576,2.8309370969212053e-09,"{'iterations': 31, 'residual norms': [3.356763832674468, 5.619949502261163, 3.0401942156819217, 1.7729653314068126, 0.902903897941748, 0.4149247469097622, 0.18173484033621085, 0.08713808436327, 0.043672969354039325, 0.02250192250853611, 0.010966928479410304, 0.005263769706761514, 0.0025943350268273716, 0.0012068825780249773, 0.0005868523245480404, 0.0002886283229145353, 0.00014123356108411563, 6.821321350872558e-05, 3.246855341777903e-05, 1.5322539205283996e-05, 7.564143128882353e-06, 3.921629519494627e-06, 1.945803965844118e-06, 9.383722881569829e-07, 4.4193865512630774e-07, 2.1633731425091476e-07, 1.0964322006077295e-07, 5.291468701290285e-08, 2.4658537533191908e-08, 1.1696919339401021e-08, 5.642521031767844e-09, 2.8309380228013286e-09], 'preconditioner metadata': [{}, {}, {}, {}, {}, {}, {}, {}, {}, {}, {}, {}, {}, {}, {}, {}, {}, {}, {}, {}, {}, {}, {}, {}, {}, {}, {}, {}, {}, {}, {}]}",,"[14.168479919433594, 13.73203182220459, 13.691679954528809, 13.61292839050293, 13.59113597869873, 13.623616218566895, 13.662879943847656, 13.661184310913086, 13.715935707092285, 13.670047760009766]",[0.7451840043067932],[629.796630859375],[46.16940689086914],[0.15596799552440643],[0.1029760017991066],
2025-12-26T12:25:49.628224+00:00,continuous coefficient 2D,1,"uniform(2D,10)",S6,C5,C5,"CG(AdditiveSchwarz(torch.float32, Inv(torch.float16), CUDSS, const_dofs_per_coarse=False), bsr_matmul=True)",False,0,1,10,24576,292608,1.0607233564972006e-09,"{'iterations': 59, 'residual norms': [1.7191755007558083, 9.816384215550238, 7.974228985100409, 6.389953031595197, 3.070323458427018, 0.7950836692453567, 0.2900791396823738, 0.17599599313953437, 0.10363316017050979, 0.09836014431133927, 0.11951478000332524, 0.04555891408659591, 0.01841796727013507, 0.016118000849890346, 0.01539755045371824, 0.014002332491444123, 0.005571005723413842, 0.0023954748124125863, 0.002633690170604603, 0.002395743090654153, 0.0016777822879938844, 0.0008633619566082607, 0.0005304572713902294, 0.00038916088660716566, 0.00026634348281753746, 0.0002674282214734896, 0.00020882978698424785, 9.560569886626021e-05, 4.6655917081561495e-05, 4.0707820557542224e-05, 4.242828908598306e-05, 2.3906228696229896e-05, 1.5902677361368148e-05, 1.0823856296426831e-05, 5.078060582128493e-06, 5.200547557292944e-06, 4.890194997143226e-06, 2.7841087927247204e-06, 1.4726587503951885e-06, 9.043668156454522e-07, 7.603705716112156e-07, 6.916298936965064e-07, 5.045056074950432e-07, 2.77334018297662e-07, 1.6123738701752686e-07, 1.2310855184872202e-07, 1.1232254267548122e-07, 7.714018333590147e-08, 4.850188639281481e-08, 3.289313196304323e-08, 2.761944964068065e-08, 1.898766929068424e-08, 1.3936831480639469e-08, 1.013366684661162e-08, 5.581696447362861e-09, 4.750937548450985e-09, 3.9972942932230686e-09, 2.834916654540929e-09, 1.8213222482698078e-09, 1.0607232220917513e-09], 'preconditioner metadata': [{}, {}, {}, {}, {}, {}, {}, {}, {}, {}, {}, {}, {}, {}, {}, {}, {}, {}, {}, {}, {}, {}, {}, {}, {}, {}, {}, {}, {}, {}, {}, {}, {}, {}, {}, {}, {}, {}, {}, {}, {}, {}, {}, {}, {}, {}, {}, {}, {}, {}, {}, {}, {}, {}, {}, {}, {}, {}, {}]}",,"[970.4019165039062, 77.47164916992188, 77.49625396728516, 77.01142120361328, 78.21186828613281, 77.19983673095703, 76.598876953125, 75.9780502319336, 75.82640075683594, 75.34764862060547]",[1.4690879583358765],[641.9785766601562],[724.9447631835938],[0.19616000354290009],[0.14486399292945862],
2025-12-26T12:25:52.022782+00:00,continuous coefficient 2D,1,"uniform(2D,10)",S6,C5,C5,"CG(HybridSchwarz(torch.float64, Inv(torch.float16), CUDSS), bsr_matmul=True)",False,0,1,10,24576,292608,8.669955139057585e-10,"{'iterations': 33, 'residual norms': [9.581246143714717, 7.0714538210777125, 5.123579877428411, 1.313936620882118, 0.3236710509952521, 0.2432203098860605, 0.1949664710249584, 0.06673237041009437, 0.026023779658929175, 0.008645714557932692, 0.003913152739079802, 0.003488923240155384, 0.002239490236825326, 0.0006015633749488848, 0.0002858464906198818, 0.00015292532184278958, 0.00013286135929969022, 6.371041455894037e-05, 1.78529460532519e-05, 1.0547479529621658e-05, 4.627924184275823e-06, 3.964282655294608e-06, 1.5946925000829055e-06, 8.259111631185737e-07, 3.4514085726868374e-07, 1.8584324716496107e-07, 1.5557017908353457e-07, 5.265770750025813e-08, 2.3016437964567963e-08, 1.4902535237460097e-08, 1.0196601889275273e-08, 4.698289956695699e-09, 1.869686351385132e-09, 8.669946195105827e-10], 'preconditioner metadata': [{}, {}, {}, {}, {}, {}, {}, {}, {}, {}, {}, {}, {}, {}, {}, {}, {}, {}, {}, {}, {}, {}, {}, {}, {}, {}, {}, {}, {}, {}, {}, {}, {}]}",,"[305.3189697265625, 40.798622131347656, 41.009822845458984, 40.88371276855469, 40.76617431640625, 40.708641052246094, 41.063201904296875, 41.50700759887695, 41.03353500366211, 41.05705642700195]",[0.991487979888916],[654.845703125],[757.4192504882812],[0.14739200472831726],[0.12086399644613266],
2025-12-26T12:25:53.526038+00:00,continuous coefficient 2D,1,"uniform(2D,10)",S6,C5,C5,"CG(AMGX(L1_TRUNC, torch.float32), bsr_matmul=True)",False,0,1,10,24576,292608,1.3712999103980265e-09,"{'iterations': 33, 'residual norms': [1.7191755007558083, 5.486863733593934, 3.1062652254954646, 1.857178176298939, 0.9592758965763931, 0.43200943606924996, 0.20002851838117947, 0.09608503054474012, 0.04876910767054766, 0.02459593219956099, 0.012078893094789045, 0.0061205673446748385, 0.003155346022692202, 0.0014932491149757322, 0.0007162952703297056, 0.0003663504484182635, 0.0001896420886281313, 9.680175939724985e-05, 4.800444057771957e-05, 2.3379787499149862e-05, 1.1749933384696228e-05, 6.034321588647891e-06, 3.0080407761307323e-06, 1.4590005999081109e-06, 7.141497890798635e-07, 3.565989368493802e-07, 1.8003284861997257e-07, 9.005088478142756e-08, 4.43336720963313e-08, 2.201489348145587e-08, 1.1122290771020068e-08, 5.4548662017903e-09, 2.679381407574197e-09, 1.3713015213347206e-09], 'preconditioner metadata': [{}, {}, {}, {}, {}, {}, {}, {}, {}, {}, {}, {}, {}, {}, {}, {}, {}, {}, {}, {}, {}, {}, {}, {}, {}, {}, {}, {}, {}, {}, {}, {}, {}]}",,"[131.9490203857422, 38.85340881347656, 38.79673767089844, 38.7474250793457, 38.53785705566406, 38.74003219604492, 38.83078384399414, 38.88835144042969, 38.31398391723633, 38.34329605102539]",[0.9911999702453613],[683.5418701171875],[53.93609619140625],[0.2043839991092682],[0.13705599308013916],
2025-12-26T12:25:55.027407+00:00,continuous coefficient 2D,1,"uniform(2D,10)",S6,C5,C5,"CG(AMGX(L1_TRUNC, None), bsr_matmul=True)",False,0,1,10,24576,292608,1.3713012781916632e-09,"{'iterations': 33, 'residual norms': [1.7191755007558083, 5.486863960956387, 3.1062655182395877, 1.8571784138586893, 0.9592759943564884, 0.43200950439950114, 0.20002854924522895, 0.09608504832059184, 0.04876911950888686, 0.024595937497888975, 0.012078895128467904, 0.006120568412286536, 0.0031553467103623925, 0.0014932494309665384, 0.0007162954356147791, 0.0003663505172379771, 0.0001896421214135452, 9.680177138456446e-05, 4.800444805146117e-05, 2.337979240458515e-05, 1.1749936725563992e-05, 6.034323528986456e-06, 3.008041642752166e-06, 1.4590010982491582e-06, 7.14150120111022e-07, 3.5659913905704217e-07, 1.8003295119254344e-07, 9.005093832134699e-08, 4.4333702555795666e-08, 2.2014908305762204e-08, 1.112229872223804e-08, 5.454870747270485e-09, 2.6793838599161662e-09, 1.371302967161741e-09], 'preconditioner metadata': [{}, {}, {}, {}, {}, {}, {}, {}, {}, {}, {}, {}, {}, {}, {}, {}, {}, {}, {}, {}, {}, {}, {}, {}, {}, {}, {}, {}, {}, {}, {}, {}, {}]}",,"[134.4699249267578, 40.071231842041016, 39.97430419921875, 39.64303970336914, 39.29955291748047, 39.72342300415039, 39.71311950683594, 40.03852844238281, 39.71638488769531, 39.90803146362305]",[1.0615359544754028],[677.8250122070312],[51.1973762512207],[0.17056000232696533],[0.1316159963607788],
2025-12-26T12:25:56.128130+00:00,continuous coefficient 2D,1,"uniform(2D,10)",S6,C5,C5,"AMGX(CG_L1_TRUNC, None)",False,0,1,10,24576,292608,1.3713019189359333e-09,{},,"[9.71878433227539, 9.599583625793457, 9.577983856201172, 9.597760200500488, 9.584927558898926, 9.565888404846191, 9.574080467224121, 9.6014404296875, 9.59331226348877, 9.593631744384766]",[1.0653760433197021],[680.3194580078125],[49.886112213134766],[0.17395199835300446],[0.12041600048542023],
2025-12-26T12:25:58.231941+00:00,continuous coefficient 2D,1,"uniform(2D,10)",S6,C5,C5,"CG(AdditiveSchwarz(torch.float32, Inv(torch.float16), CUDSS, const_dofs_per_coarse=False), bsr_matmul=False)",False,0,1,10,24576,292608,1.0607262989954375e-09,"{'iterations': 59, 'residual norms': [1.7191755007558083, 9.816384185940388, 7.974228932589055, 6.389953074040979, 3.070323438454035, 0.795083747192673, 0.29007916162740993, 0.17599600536299473, 0.10363317282015966, 0.09836030557382416, 0.1195152920461017, 0.045559040028873565, 0.01841804748005733, 0.016118128296826247, 0.015397656603982159, 0.014002416126589042, 0.005570981272187933, 0.0023954757391978863, 0.002633735820097783, 0.0023957378505097197, 0.0016777810808123379, 0.0008633506499161892, 0.0005304590151122701, 0.00038915950351797024, 0.00026634485031815384, 0.00026742937882637914, 0.00020883205949534533, 9.560660967478077e-05, 4.665657865989633e-05, 4.070791829096147e-05, 4.242912547892686e-05, 2.3906460523272722e-05, 1.5902847449049423e-05, 1.0824083782919064e-05, 5.0781294649515414e-06, 5.200596089016008e-06, 4.890260236764509e-06, 2.784132702784229e-06, 1.4726691827438587e-06, 9.043720526512653e-07, 7.603733070222211e-07, 6.916331105678447e-07, 5.045078400327316e-07, 2.773345004683787e-07, 1.612378195162895e-07, 1.2310811190972167e-07, 1.1232294647533874e-07, 7.71407142760423e-08, 4.8502543264540987e-08, 3.289333682252138e-08, 2.7619544936106173e-08, 1.8987753684818e-08, 1.3936877828932649e-08, 1.013376947927815e-08, 5.581734800590514e-09, 4.7509443009348045e-09, 3.9972954533305965e-09, 2.834916060752895e-09, 1.821326765891798e-09, 1.060726150490884e-09], 'preconditioner metadata': [{}, {}, {}, {}, {}, {}, {}, {}, {}, {}, {}, {}, {}, {}, {}, {}, {}, {}, {}, {}, {}, {}, {}, {}, {}, {}, {}, {}, {}, {}, {}, {}, {}, {}, {}, {}, {}, {}, {}, {}, {}, {}, {}, {}, {}, {}, {}, {}, {}, {}, {}, {}, {}, {}, {}, {}, {}, {}, {}]}",,"[36.48825454711914, 35.70800018310547, 35.39686584472656, 35.398399353027344, 35.60249710083008, 35.901695251464844, 35.79094314575195, 35.40553665161133, 35.51878356933594, 35.336158752441406]",[1.0919040441513062],[675.1929321289062],[738.0184936523438],[0.13811199367046356],[0.12300799787044525],
2025-12-26T12:26:00.125804+00:00,continuous coefficient 2D,1,"uniform(2D,10)",S6,C5,C5,"CG(HybridSchwarz(torch.float64, Inv(torch.float16), CUDSS), bsr_matmul=False)",False,0,1,10,24576,292608,8.669948515622469e-10,"{'iterations': 33, 'residual norms': [9.581246143714717, 7.071453821077712, 5.12357987742841, 1.3139366208821177, 0.32367105099525195, 0.24322030988606072, 0.19496647102495912, 0.06673237041009464, 0.026023779658929318, 0.008645714557932711, 0.003913152739080349, 0.003488923240157271, 0.002239490236827252, 0.0006015633749495292, 0.00028584649062033253, 0.0001529253218434373, 0.00013286135930124489, 6.37104145599305e-05, 1.785294605360136e-05, 1.054747952979951e-05, 4.627924184435782e-06, 3.964282655682827e-06, 1.5946925002990459e-06, 8.259111632677583e-07, 3.451408573264864e-07, 1.8584324737095355e-07, 1.5557017972799234e-07, 5.265770785229589e-08, 2.3016438312966326e-08, 1.4902535940907255e-08, 1.0196602993364284e-08, 4.698290717831344e-09, 1.8696869231187264e-09, 8.669951967006262e-10], 'preconditioner metadata': [{}, {}, {}, {}, {}, {}, {}, {}, {}, {}, {}, {}, {}, {}, {}, {}, {}, {}, {}, {}, {}, {}, {}, {}, {}, {}, {}, {}, {}, {}, {}, {}, {}]}",,"[19.959232330322266, 19.144256591796875, 18.504064559936523, 18.38697624206543, 18.793439865112305, 19.21164894104004, 19.10588836669922, 18.96566390991211, 18.533279418945312, 19.261152267456055]",[1.010848045349121],[675.7628784179688],[743.9430541992188],[0.13417600095272064],[0.11321599781513214],
2025-12-26T12:26:01.330113+00:00,continuous coefficient 2D,1,"uniform(2D,10)",S6,C5,C5,"CG(AMGX(L1_TRUNC, torch.float32), bsr_matmul=False)",False,0,1,10,24576,292608,1.3713017632109023e-09,"{'iterations': 33, 'residual norms': [1.7191755007558083, 5.486863733593937, 3.106265225495467, 1.8571781762989403, 0.9592758965763939, 0.4320094360692502, 0.20002851838118016, 0.09608503054473945, 0.04876910767054801, 0.02459593219935962, 0.012078893102640107, 0.006120567343076917, 0.0031553460377431266, 0.0014932491290992128, 0.0007162952721179123, 0.00036635045128926777, 0.00018964208971568026, 9.680176028496913e-05, 4.800444081936005e-05, 2.337978772070559e-05, 1.174993352739212e-05, 6.0343216650909875e-06, 3.0080408323941737e-06, 1.459000632846328e-06, 7.141498225622361e-07, 3.565989624205831e-07, 1.8003286088726934e-07, 9.005088994904975e-08, 4.433367571766374e-08, 2.201489527666831e-08, 1.1122291790594917e-08, 5.454866797288595e-09, 2.6793816978747534e-09, 1.3713016761641905e-09], 'preconditioner metadata': [{}, {}, {}, {}, {}, {}, {}, {}, {}, {}, {}, {}, {}, {}, {}, {}, {}, {}, {}, {}, {}, {}, {}, {}, {}, {}, {}, {}, {}, {}, {}, {}, {}]}",,"[16.96227264404297, 16.754976272583008, 16.613855361938477, 16.645376205444336, 16.5231990814209, 16.692575454711914, 16.74297523498535, 16.694303512573242, 16.767168045043945, 16.72972869873047]",[1.0031360387802124],[671.6114501953125],[48.52822494506836],[0.17417599260807037],[0.11129599809646606],
2025-12-26T12:26:02.526732+00:00,continuous coefficient 2D,1,"uniform(2D,10)",S6,C5,C5,"CG(AMGX(L1_TRUNC, None), bsr_matmul=False)",False,0,1,10,24576,292608,1.371301476259403e-09,"{'iterations': 33, 'residual norms': [1.7191755007558083, 5.486863960956386, 3.1062655182395864, 1.8571784138586889, 0.9592759943564877, 0.43200950439950087, 0.20002854924522875, 0.0960850483205917, 0.04876911950888679, 0.02459593749788893, 0.012078895128467878, 0.006120568412286521, 0.0031553467103623846, 0.0014932494309665347, 0.0007162954356147773, 0.0003663505172379761, 0.00018964212141354468, 9.680177138456423e-05, 4.800444805146105e-05, 2.337979240458509e-05, 1.1749936725563963e-05, 6.03432352898644e-06, 3.0080416427521584e-06, 1.4590010982491538e-06, 7.1415012011102e-07, 3.565991390570412e-07, 1.8003295119254305e-07, 9.00509383213468e-08, 4.4333702555795574e-08, 2.2014908305762148e-08, 1.1122298722238016e-08, 5.4548707472704695e-09, 2.6793838599161575e-09, 1.371302967161737e-09], 'preconditioner metadata': [{}, {}, {}, {}, {}, {}, {}, {}, {}, {}, {}, {}, {}, {}, {}, {}, {}, {}, {}, {}, {}, {}, {}, {}, {}, {}, {}, {}, {}, {}, {}, {}, {}]}",,"[18.198944091796875, 18.05459213256836, 17.813823699951172, 17.78633689880371, 17.90959930419922, 17.922719955444336, 17.96985626220703, 18.12451171875, 17.738048553466797, 17.70012855529785]",[1.1460479497909546],[682.5872192382812],[49.6192626953125],[0.17824000120162964],[0.11721599847078323],
2025-12-26T12:26:05.447066+00:00,continuous coefficient 2D,1,"uniform(2D,10)",S7,C6,C6,"CG(AdditiveSchwarz(torch.float32, Inv(torch.float16), CUDSS, const_dofs_per_coarse=False), bsr_matmul=True)",False,0,1,10,98304,1175040,6.790900548676337e-10,"{'iterations': 60, 'residual norms': [0.8647638387446186, 9.68427266858056, 7.895853698126815, 6.3753845341896165, 2.042716824089472, 0.5328082265670168, 0.20225449951385854, 0.1228251445152085, 0.0975367907449469, 0.11381040596647911, 0.0773299154504275, 0.034591178135089815, 0.01811596585940807, 0.013685840914426957, 0.017217585623991942, 0.01029729245489318, 0.00451320942154438, 0.002554973141869674, 0.0022038069726351204, 0.0023038940700398215, 0.0014941730895717132, 0.000577611274999781, 0.00044223914785530784, 0.0003814629123440237, 0.0002832006651009732, 0.0002471317781598055, 0.00017334523816134117, 7.969013053790109e-05, 3.833695795544443e-05, 4.607661514594115e-05, 3.599379189310682e-05, 1.745741425065867e-05, 1.381441477545553e-05, 7.048802316315209e-06, 5.1558112814245875e-06, 5.9351027377749956e-06, 3.9597443586026315e-06, 2.3820328125703376e-06, 1.150491841973554e-06, 9.084976849276415e-07, 7.593171678948672e-07, 6.255908894567091e-07, 4.2656196695328075e-07, 2.3130537702035043e-07, 1.4849411676838602e-07, 1.3435118051147817e-07, 1.0538546381489592e-07, 6.370595641368658e-08, 4.0582374843369813e-08, 3.651268985950314e-08, 2.650864637207162e-08, 1.5696196287809712e-08, 1.3000446116492017e-08, 7.486522246769873e-09, 5.105206799682483e-09, 4.594992145835481e-09, 3.781048146618951e-09, 2.2447422472364087e-09, 1.277359934855345e-09, 9.647975472531537e-10, 6.790909602659372e-10], 'preconditioner metadata': [{}, {}, {}, {}, {}, {}, {}, {}, {}, {}, {}, {}, {}, {}, {}, {}, {}, {}, {}, {}, {}, {}, {}, {}, {}, {}, {}, {}, {}, {}, {}, {}, {}, {}, {}, {}, {}, {}, {}, {}, {}, {}, {}, {}, {}, {}, {}, {}, {}, {}, {}, {}, {}, {}, {}, {}, {}, {}, {}, {}]}",,"[365.5518798828125, 80.8733139038086, 81.21641540527344, 81.86851501464844, 84.80464172363281, 83.12908935546875, 83.0917739868164, 83.13785552978516, 82.79315185546875, 82.86812591552734]",[3.2888638973236084],[688.0279541015625],[773.1134643554688],[0.5754560232162476],[0.22944000363349915],
2025-12-26T12:26:07.753950+00:00,continuous coefficient 2D,1,"uniform(2D,10)",S7,C6,C6,"CG(HybridSchwarz(torch.float64, Inv(torch.float16), CUDSS), bsr_matmul=True)",False,0,1,10,98304,1175040,7.340361312173236e-10,"{'iterations': 33, 'residual norms': [9.62277098803407, 7.233681066519782, 3.8815865123909985, 0.8791642023433747, 0.25501751728481215, 0.19510473733850336, 0.1850239263248455, 0.050309255220139265, 0.019481671969027486, 0.006199916300615052, 0.0032203465761185147, 0.002292597485681593, 0.001559971756918736, 0.00040393928560434445, 0.0001623739755550899, 0.00010272917900116907, 7.787155207700088e-05, 2.8908554383829697e-05, 1.066543912063725e-05, 5.636055017081581e-06, 2.6039851718603217e-06, 2.486371364899403e-06, 9.402261220122023e-07, 5.062732126181965e-07, 1.7929811286879966e-07, 8.988423675097751e-08, 8.418233272317642e-08, 3.7194082786283296e-08, 1.662829199560287e-08, 1.0365171330657678e-08, 6.901281150401757e-09, 3.4158653827577935e-09, 1.208007024189619e-09, 7.340373285698004e-10], 'preconditioner metadata': [{}, {}, {}, {}, {}, {}, {}, {}, {}, {}, {}, {}, {}, {}, {}, {}, {}, {}, {}, {}, {}, {}, {}, {}, {}, {}, {}, {}, {}, {}, {}, {}, {}]}",,"[137.81417846679688, 43.03142547607422, 42.90220642089844, 42.685791015625, 42.48051071166992, 42.525726318359375, 42.170047760009766, 42.52131271362305, 43.05276870727539, 43.16115188598633]",[2.2116799354553223],[695.7864990234375],[808.732666015625],[0.5210880041122437],[0.2046400010585785],
2025-12-26T12:26:09.435346+00:00,continuous coefficient 2D,1,"uniform(2D,10)",S7,C6,C6,"CG(AMGX(L1_TRUNC, torch.float32), bsr_matmul=True)",False,0,1,10,98304,1175040,6.804675744174128e-10,"{'iterations': 34, 'residual norms': [0.8647638387446186, 5.478802559218188, 3.085532663466385, 1.8436318420729192, 0.9771602990070474, 0.4435488465928916, 0.2002175210980871, 0.09639539840101857, 0.049945117319997435, 0.0257343899194981, 0.012527613680099936, 0.006291386270552082, 0.0032547159105952425, 0.0015565939319816125, 0.000752260721792139, 0.00038587056686950665, 0.00019936139189526413, 9.822792507380547e-05, 4.7580329822465416e-05, 2.3410717015048207e-05, 1.1860437214913723e-05, 6.050282530194037e-06, 3.0197608145523106e-06, 1.48795900387325e-06, 7.335181672491188e-07, 3.717110371098699e-07, 1.900148856904962e-07, 9.411091509916271e-08, 4.588788494231479e-08, 2.255483544879836e-08, 1.1381642255454751e-08, 5.621575598192502e-09, 2.7332982525449414e-09, 1.3574088815644413e-09, 6.804677575300139e-10], 'preconditioner metadata': [{}, {}, {}, {}, {}, {}, {}, {}, {}, {}, {}, {}, {}, {}, {}, {}, {}, {}, {}, {}, {}, {}, {}, {}, {}, {}, {}, {}, {}, {}, {}, {}, {}, {}]}",,"[141.7541046142578, 46.75523376464844, 46.765472412109375, 46.717247009277344, 46.568416595458984, 46.698238372802734, 46.424190521240234, 46.48476791381836, 46.394081115722656, 46.168479919433594]",[2.1849279403686523],[705.746826171875],[61.0882568359375],[0.4232639968395233],[0.21279999613761902],
2025-12-26T12:26:11.134498+00:00,continuous coefficient 2D,1,"uniform(2D,10)",S7,C6,C6,"CG(AMGX(L1_TRUNC, None), bsr_matmul=True)",False,0,1,10,98304,1175040,6.804690360873392e-10,"{'iterations': 34, 'residual norms': [0.8647638387446186, 5.478803522014813, 3.0855336362380026, 1.8436329041914081, 0.9771610917457982, 0.44354924786509525, 0.2002176729547674, 0.0963954870316123, 0.04994517539440472, 0.025734423253255402, 0.012527629464632805, 0.00629139431287805, 0.0032547203835621703, 0.0015565960304530183, 0.0007522616418044966, 0.0003858710889136228, 0.00019936167598248787, 9.822805626467274e-05, 4.758038263781906e-05, 2.3410747089965668e-05, 1.186045328940573e-05, 6.050289679370965e-06, 3.0197643156629487e-06, 1.4879610165173305e-06, 7.335192453820965e-07, 3.71711592059914e-07, 1.900151709771024e-07, 9.411106742588887e-08, 4.588795847229127e-08, 2.2554870748880375e-08, 1.138166054694903e-08, 5.621584608997174e-09, 2.7333027283421555e-09, 1.3574110695326165e-09, 6.804689570043588e-10], 'preconditioner metadata': [{}, {}, {}, {}, {}, {}, {}, {}, {}, {}, {}, {}, {}, {}, {}, {}, {}, {}, {}, {}, {}, {}, {}, {}, {}, {}, {}, {}, {}, {}, {}, {}, {}, {}]}",,"[145.69161987304688, 49.93049621582031, 49.89215850830078, 49.977439880371094, 49.748992919921875, 49.408287048339844, 48.957054138183594, 49.44313430786133, 49.02140808105469, 49.34614562988281]",[2.3512320518493652],[703.7275390625],[62.66748809814453],[0.43772798776626587],[0.20611199736595154],
2025-12-26T12:26:12.433941+00:00,continuous coefficient 2D,1,"uniform(2D,10)",S7,C6,C6,"AMGX(CG_L1_TRUNC, None)",False,0,1,10,98304,1175040,6.804683646039416e-10,{},,"[17.22991943359375, 17.074464797973633, 17.09107208251953, 17.111616134643555, 17.08780860900879, 17.040159225463867, 17.085695266723633, 17.06342315673828, 17.051647186279297, 17.064800262451172]",[2.186336040496826],[715.2133178710938],[60.7775993347168],[0.4487679898738861],[0.1976960003376007],
2025-12-26T12:26:14.633817+00:00,continuous coefficient 2D,1,"uniform(2D,10)",S7,C6,C6,"CG(AdditiveSchwarz(torch.float32, Inv(torch.float16), CUDSS, const_dofs_per_coarse=False), bsr_matmul=False)",False,0,1,10,98304,1175040,6.791045419362796e-10,"{'iterations': 60, 'residual norms': [0.8647638387446186, 9.684272650802072, 7.895853758322269, 6.37538450030109, 2.0427166879982024, 0.5328079189234964, 0.20225440068556422, 0.122825183260094, 0.09753694188636741, 0.1138103044391623, 0.07733247236785967, 0.03459162635515745, 0.018116342864650265, 0.013685916541303302, 0.017217741074783802, 0.010297629639729291, 0.0045132978271447835, 0.002555026627427845, 0.002203820361003523, 0.002303931824569887, 0.001494219740728058, 0.0005776128977469164, 0.00044224146718343973, 0.0003814601488178737, 0.00028320047177342143, 0.00024713323384391653, 0.00017334838137573238, 7.969228897616528e-05, 3.833768597112384e-05, 4.60761911729861e-05, 3.599630670719341e-05, 1.7457794990733884e-05, 1.3815134222976266e-05, 7.049026318362617e-06, 5.155888020335026e-06, 5.935182094343669e-06, 3.959804763082041e-06, 2.3820958322835406e-06, 1.1505109052467999e-06, 9.085111303583064e-07, 7.593199121021083e-07, 6.256022764439536e-07, 4.265664769144678e-07, 2.3130988484817679e-07, 1.4849396871602826e-07, 1.3435227933881087e-07, 1.0538745408032704e-07, 6.37077124002033e-08, 4.058328807804941e-08, 3.6512865731337925e-08, 2.650969395031295e-08, 1.569659664123787e-08, 1.300083742857055e-08, 7.486854957923196e-09, 5.105291405819934e-09, 4.595065198409084e-09, 3.7811559864681864e-09, 2.244837626761011e-09, 1.2773997228430493e-09, 9.648307863846653e-10, 6.791053777244049e-10], 'preconditioner metadata': [{}, {}, {}, {}, {}, {}, {}, {}, {}, {}, {}, {}, {}, {}, {}, {}, {}, {}, {}, {}, {}, {}, {}, {}, {}, {}, {}, {}, {}, {}, {}, {}, {}, {}, {}, {}, {}, {}, {}, {}, {}, {}, {}, {}, {}, {}, {}, {}, {}, {}, {}, {}, {}, {}, {}, {}, {}, {}, {}, {}]}",,"[38.98806381225586, 37.91516876220703, 38.16838455200195, 37.640159606933594, 37.67145538330078, 37.64467239379883, 37.600223541259766, 37.52262496948242, 37.374752044677734, 37.07855987548828]",[2.2241599559783936],[706.1744384765625],[811.2949829101562],[0.41788798570632935],[0.19760000705718994],
2025-12-26T12:26:16.651612+00:00,continuous coefficient 2D,1,"uniform(2D,10)",S7,C6,C6,"CG(HybridSchwarz(torch.float64, Inv(torch.float16), CUDSS), bsr_matmul=False)",False,0,1,10,98304,1175040,7.340376229843394e-10,"{'iterations': 33, 'residual norms': [9.62277098803407, 7.233681066519793, 3.8815865123910025, 0.8791642023433756, 0.2550175172848123, 0.19510473733850336, 0.18502392632484588, 0.050309255220139446, 0.01948167196902761, 0.00619991630061507, 0.0032203465761187966, 0.0022925974856822006, 0.0015599717569195208, 0.0004039392856046322, 0.00016237397555520546, 0.00010272917900109174, 7.787155207672932e-05, 2.8908554383572738e-05, 1.0665439120424032e-05, 5.6360550166620795e-06, 2.60398517106234e-06, 2.4863713625386623e-06, 9.402261207282716e-07, 5.062732115885875e-07, 1.7929811231102002e-07, 8.988423607040019e-08, 8.418233061383384e-08, 3.719408152702006e-08, 1.6628291132865497e-08, 1.0365170246422615e-08, 6.901280131340869e-09, 3.4158646987371716e-09, 1.2080067658308847e-09, 7.340372243604172e-10], 'preconditioner metadata': [{}, {}, {}, {}, {}, {}, {}, {}, {}, {}, {}, {}, {}, {}, {}, {}, {}, {}, {}, {}, {}, {}, {}, {}, {}, {}, {}, {}, {}, {}, {}, {}, {}]}",,"[22.033184051513672, 24.269119262695312, 21.239967346191406, 21.194591522216797, 21.320287704467773, 21.18057632446289, 21.227680206298828, 21.238143920898438, 21.260255813598633, 21.24367904663086]",[2.1733438968658447],[713.1028442382812],[814.5120849609375],[0.47046399116516113],[0.18598400056362152],
2025-12-26T12:26:17.989968+00:00,continuous coefficient 2D,1,"uniform(2D,10)",S7,C6,C6,"CG(AMGX(L1_TRUNC, torch.float32), bsr_matmul=False)",False,0,1,10,98304,1175040,6.80465810040752e-10,"{'iterations': 34, 'residual norms': [0.8647638387446186, 5.4788025592182334, 3.0855326634664064, 1.843631842072936, 0.977160299007057, 0.4435488465928958, 0.20021752109808644, 0.09639539840101724, 0.04994511731999772, 0.02573438991934543, 0.012527613677240661, 0.006291386286052407, 0.0032547159456691446, 0.0015565939559004328, 0.0007522607324354382, 0.0003858705689755661, 0.00019936139167956495, 9.822792461485195e-05, 4.758032937423347e-05, 2.3410716801325924e-05, 1.1860437111089405e-05, 6.0502824404178305e-06, 3.0197607878999365e-06, 1.4879589973778085e-06, 7.335181605102777e-07, 3.717110368763851e-07, 1.9001488433062258e-07, 9.411091410594036e-08, 4.588788489947732e-08, 2.2554835519241506e-08, 1.1381642252371798e-08, 5.621575663071966e-09, 2.7332982965061536e-09, 1.3574088977919543e-09, 6.804677680880309e-10], 'preconditioner metadata': [{}, {}, {}, {}, {}, {}, {}, {}, {}, {}, {}, {}, {}, {}, {}, {}, {}, {}, {}, {}, {}, {}, {}, {}, {}, {}, {}, {}, {}, {}, {}, {}, {}, {}]}",,"[24.58131217956543, 23.979520797729492, 23.694143295288086, 23.474367141723633, 23.49590492248535, 23.42508888244629, 23.45801544189453, 23.45859146118164, 23.46361541748047, 23.404415130615234]",[2.1451520919799805],[725.751220703125],[59.52336120605469],[0.45526400208473206],[0.1907840073108673],
2025-12-26T12:26:19.342195+00:00,continuous coefficient 2D,1,"uniform(2D,10)",S7,C6,C6,"CG(AMGX(L1_TRUNC, None), bsr_matmul=False)",False,0,1,10,98304,1175040,6.804694322655295e-10,"{'iterations': 34, 'residual norms': [0.8647638387446186, 5.478803522014812, 3.0855336362380004, 1.8436329041914066, 0.9771610917457975, 0.44354924786509475, 0.20021767295476717, 0.09639548703161219, 0.04994517539440466, 0.02573442325325538, 0.01252762946463279, 0.006291394312878045, 0.0032547203835621677, 0.001556596030453017, 0.0007522616418044963, 0.00038587108891362265, 0.0001993616759824877, 9.822805626467269e-05, 4.7580382637819035e-05, 2.3410747089965637e-05, 1.1860453289405714e-05, 6.050289679370958e-06, 3.019764315662944e-06, 1.4879610165173286e-06, 7.335192453820956e-07, 3.7171159205991354e-07, 1.9001517097710214e-07, 9.411106742588874e-08, 4.5887958472291205e-08, 2.2554870748880342e-08, 1.1381660546949015e-08, 5.621584608997165e-09, 2.7333027283421522e-09, 1.3574110695326146e-09, 6.804689570043581e-10], 'preconditioner metadata': [{}, {}, {}, {}, {}, {}, {}, {}, {}, {}, {}, {}, {}, {}, {}, {}, {}, {}, {}, {}, {}, {}, {}, {}, {}, {}, {}, {}, {}, {}, {}, {}, {}, {}]}",,"[28.294208526611328, 28.02195167541504, 28.118783950805664, 28.099903106689453, 27.1180477142334, 27.871200561523438, 27.98975944519043, 27.64681625366211, 27.39084815979004, 28.07539176940918]",[2.242111921310425],[724.3906860351562],[58.99174499511719],[0.6397759914398193],[0.19939200580120087],
2025-12-26T12:26:22.856795+00:00,continuous coefficient 2D,1,"uniform(2D,10)",S8,C7,C7,"CG(AdditiveSchwarz(torch.float32, Inv(torch.float16), CUDSS, const_dofs_per_coarse=False), bsr_matmul=True)",False,0,1,10,393216,4709376,3.0158699626451617e-10,"{'iterations': 62, 'residual norms': [0.4330313403681072, 9.648768787500039, 7.6649414563397995, 6.134406605055901, 1.2968888501240847, 0.3993798834016634, 0.1508976013267808, 0.08260271252838285, 0.08489077744536765, 0.08840035196624912, 0.0464098112991324, 0.025690808427115387, 0.01182058104327092, 0.012077818548106875, 0.012947102737996744, 0.007481971979662321, 0.003626333314998891, 0.0020438109145228473, 0.0016165734155596143, 0.0019213880743622449, 0.0009911347087383816, 0.0004116724836859799, 0.0003485542957431786, 0.00031230442741799874, 0.00023776660771617576, 0.00017310550914374158, 0.00012706719981362235, 4.826963323625981e-05, 3.052935933453716e-05, 4.4433905675448374e-05, 1.960041728706072e-05, 1.349740361732023e-05, 8.570158831940463e-06, 4.694981111149718e-06, 4.848191155869295e-06, 4.316023039410401e-06, 2.656146373946664e-06, 1.5615506684946012e-06, 8.592760716235599e-07, 7.233953278053312e-07, 5.802749422375734e-07, 4.6237635111229723e-07, 3.0574138794012884e-07, 1.695422211781011e-07, 1.2269611874565108e-07, 1.0815534320220438e-07, 7.724253849909634e-08, 4.134513420200771e-08, 3.385355568693663e-08, 2.87705115342923e-08, 1.8679319366363118e-08, 1.2737933018019193e-08, 9.895289396099593e-09, 5.0771989969100506e-09, 3.796854798225753e-09, 3.6211196704712646e-09, 2.7068007211247147e-09, 1.5267287580244888e-09, 1.0149725999179874e-09, 7.08104878206309e-10, 5.249494747571169e-10, 4.832330513749425e-10, 3.0158716726623797e-10], 'preconditioner metadata': [{}, {}, {}, {}, {}, {}, {}, {}, {}, {}, {}, {}, {}, {}, {}, {}, {}, {}, {}, {}, {}, {}, {}, {}, {}, {}, {}, {}, {}, {}, {}, {}, {}, {}, {}, {}, {}, {}, {}, {}, {}, {}, {}, {}, {}, {}, {}, {}, {}, {}, {}, {}, {}, {}, {}, {}, {}, {}, {}, {}, {}, {}]}",,"[427.96197509765625, 96.7305908203125, 97.14691162109375, 96.07014465332031, 96.20963287353516, 97.12477111816406, 96.40386962890625, 96.16553497314453, 96.42988586425781, 96.92736053466797]",[7.300288200378418],[743.8375244140625],[1063.5521240234375],[1.22489595413208],[0.4487679898738861],
2025-12-26T12:26:25.344493+00:00,continuous coefficient 2D,1,"uniform(2D,10)",S8,C7,C7,"CG(HybridSchwarz(torch.float64, Inv(torch.float16), CUDSS), bsr_matmul=True)",False,0,1,10,393216,4709376,4.304478882321124e-10,"{'iterations': 33, 'residual norms': [9.633274185348501, 7.277185691239364, 2.674637316938897, 0.6692607079151452, 0.1944061227598863, 0.13518722858237925, 0.14031205594585003, 0.0422304008928308, 0.013812222481638084, 0.004251106794158441, 0.0025231108713822184, 0.0016174975291745957, 0.0008466009504527526, 0.00026532564433416866, 9.032322775768417e-05, 5.057442736439093e-05, 4.163628386829472e-05, 1.314028042787192e-05, 6.11223369646382e-06, 3.208828191870393e-06, 1.76561067977378e-06, 1.4088053477496813e-06, 5.736203143556421e-07, 3.046435241504316e-07, 9.888125864673812e-08, 5.552919783546523e-08, 4.3961302521571326e-08, 1.8078852566377542e-08, 8.570289131539531e-09, 5.897694625825626e-09, 3.54348701011386e-09, 1.9396669332518173e-09, 8.072697897135411e-10, 4.3044668199337556e-10], 'preconditioner metadata': [{}, {}, {}, {}, {}, {}, {}, {}, {}, {}, {}, {}, {}, {}, {}, {}, {}, {}, {}, {}, {}, {}, {}, {}, {}, {}, {}, {}, {}, {}, {}, {}, {}]}",,"[136.3817596435547, 42.038848876953125, 42.06729507446289, 42.16214370727539, 41.91231918334961, 42.567039489746094, 41.881534576416016, 42.72003173828125, 42.05267333984375, 41.78041458129883]",[7.319039821624756],[741.7078857421875],[871.9595947265625],[0.4667840003967285],[0.40351998805999756],
2025-12-26T12:26:27.239524+00:00,continuous coefficient 2D,1,"uniform(2D,10)",S8,C7,C7,"CG(AMGX(L1_TRUNC, torch.float32), bsr_matmul=True)",False,0,1,10,393216,4709376,4.1873061106132834e-10,"{'iterations': 35, 'residual norms': [0.4330313403681072, 5.491172562789198, 3.2486071768077345, 1.9771879949025106, 1.0311644293355413, 0.4648863184400714, 0.21266062601718305, 0.10374921443293297, 0.05352477669325353, 0.027137349777701974, 0.013324537606690444, 0.006756835630064079, 0.0034980634371560852, 0.0016578399249889933, 0.0007918989454776243, 0.0004097807000670977, 0.000216147886823373, 0.0001072117424764816, 5.199574766356195e-05, 2.5937806351392737e-05, 1.3208189290514271e-05, 6.7034382503969015e-06, 3.3400547942485027e-06, 1.6632747305111175e-06, 8.334834712357506e-07, 4.158735175169717e-07, 2.1063463974782736e-07, 1.0682216675086609e-07, 5.3248127369068864e-08, 2.6620366008082263e-08, 1.3396729515760319e-08, 6.7034246292838954e-09, 3.3194497732310706e-09, 1.6783138509529588e-09, 8.44442891368202e-10, 4.1873093014791945e-10], 'preconditioner metadata': [{}, {}, {}, {}, {}, {}, {}, {}, {}, {}, {}, {}, {}, {}, {}, {}, {}, {}, {}, {}, {}, {}, {}, {}, {}, {}, {}, {}, {}, {}, {}, {}, {}, {}, {}]}",,"[156.1463623046875, 61.05414581298828, 61.17340850830078, 60.76710510253906, 60.95878219604492, 61.01763153076172, 60.83638381958008, 60.1984977722168, 60.206912994384766, 60.54947280883789]",[6.7406721115112305],[745.785400390625],[80.63894653320312],[0.49379199743270874],[0.4191040098667145],
2025-12-26T12:26:29.241907+00:00,continuous coefficient 2D,1,"uniform(2D,10)",S8,C7,C7,"CG(AMGX(L1_TRUNC, None), bsr_matmul=True)",False,0,1,10,393216,4709376,4.187333454674237e-10,"{'iterations': 35, 'residual norms': [0.4330313403681072, 5.491177725433888, 3.248611742286689, 1.9771918639525794, 1.031166644882573, 0.4648875649100685, 0.21266116460988047, 0.1037494580383989, 0.05352490276346924, 0.02713742625376696, 0.013324575141323309, 0.006756853304437101, 0.0034980728946682298, 0.0016578450610996835, 0.0007919013499450262, 0.00040978184214176524, 0.00021614854171608458, 0.00010721211006794631, 5.1995940960876124e-05, 2.5937906330610804e-05, 1.3208242694866397e-05, 6.70346863554355e-06, 3.3400698697651946e-06, 1.6632817513693201e-06, 8.334874487724142e-07, 4.158754998372292e-07, 2.106356054749907e-07, 1.0682264981709013e-07, 5.3248371664703524e-08, 2.6620485110398018e-08, 1.3396785080625433e-08, 6.703453056115504e-09, 3.319463702705038e-09, 1.6783207406533462e-09, 8.444460947830984e-10, 4.187325180481573e-10], 'preconditioner metadata': [{}, {}, {}, {}, {}, {}, {}, {}, {}, {}, {}, {}, {}, {}, {}, {}, {}, {}, {}, {}, {}, {}, {}, {}, {}, {}, {}, {}, {}, {}, {}, {}, {}, {}, {}]}",,"[169.65884399414062, 74.41785430908203, 74.59078216552734, 73.7410888671875, 73.52595520019531, 73.49193572998047, 73.9450912475586, 73.93334197998047, 74.261474609375, 73.8271713256836]",[6.902688026428223],[743.9197387695312],[90.37510681152344],[0.5149440169334412],[0.4240959882736206],
2025-12-26T12:26:30.834712+00:00,continuous coefficient 2D,1,"uniform(2D,10)",S8,C7,C7,"AMGX(CG_L1_TRUNC, None)",False,0,1,10,393216,4709376,4.18734736673389e-10,{},,"[43.060096740722656, 42.972286224365234, 42.862945556640625, 42.91347122192383, 42.92591857910156, 42.90697479248047, 42.888641357421875, 42.948768615722656, 42.885311126708984, 42.85865783691406]",[6.753471851348877],[751.8825073242188],[83.02761840820312],[0.5146239995956421],[0.42764800786972046],
2025-12-26T12:26:33.257638+00:00,continuous coefficient 2D,1,"uniform(2D,10)",S8,C7,C7,"CG(AdditiveSchwarz(torch.float32, Inv(torch.float16), CUDSS, const_dofs_per_coarse=False), bsr_matmul=False)",False,0,1,10,393216,4709376,3.0159124533509113e-10,"{'iterations': 62, 'residual norms': [0.4330313403681072, 9.648768362129656, 7.664940826476581, 6.13440718214394, 1.2968883405409275, 0.39937900232269696, 0.15089740552972558, 0.08260277709814737, 0.08489095089159152, 0.08840108881673958, 0.046411456779736404, 0.025691128681976885, 0.011820790346712616, 0.012077700753383868, 0.012947258112662258, 0.007482104849710407, 0.003626350173390666, 0.002043807599786036, 0.0016165872483456668, 0.001921398582196419, 0.0009911206176896792, 0.0004116674689147691, 0.0003485529074896003, 0.0003123031124729553, 0.00023776522500785656, 0.00017310430202748238, 0.00012706555143747315, 4.826963974443281e-05, 3.0529411526866226e-05, 4.4434468361274916e-05, 1.9600164731269585e-05, 1.3497393716600949e-05, 8.569746264491797e-06, 4.694942893685095e-06, 4.848168014393249e-06, 4.315977699248998e-06, 2.656096812475816e-06, 1.5615120445906607e-06, 8.59259326143986e-07, 7.233903691558574e-07, 5.80269271956353e-07, 4.623677010578224e-07, 3.0573775127716155e-07, 1.6953961196317253e-07, 1.2269790931302067e-07, 1.0815593717903165e-07, 7.724299091342239e-08, 4.13452715835924e-08, 3.385398446228664e-08, 2.8770822550084093e-08, 1.8679593193716116e-08, 1.2738087308120036e-08, 9.895257654859604e-09, 5.077230326476056e-09, 3.796883579947367e-09, 3.6211605102315013e-09, 2.706855353533692e-09, 1.526748443882294e-09, 1.0149880877447593e-09, 7.081129808687026e-10, 5.249505625601336e-10, 4.83238729222354e-10, 3.0159096428926036e-10], 'preconditioner metadata': [{}, {}, {}, {}, {}, {}, {}, {}, {}, {}, {}, {}, {}, {}, {}, {}, {}, {}, {}, {}, {}, {}, {}, {}, {}, {}, {}, {}, {}, {}, {}, {}, {}, {}, {}, {}, {}, {}, {}, {}, {}, {}, {}, {}, {}, {}, {}, {}, {}, {}, {}, {}, {}, {}, {}, {}, {}, {}, {}, {}, {}, {}]}",,"[49.40687942504883, 49.08607864379883, 49.113407135009766, 48.97670364379883, 49.01398468017578, 49.1580810546875, 49.180030822753906, 49.08745574951172, 49.077632904052734, 49.3131217956543]",[6.8290557861328125],[748.6289672851562],[874.0360107421875],[0.435808002948761],[0.41676801443099976],
2025-12-26T12:26:35.662421+00:00,continuous coefficient 2D,1,"uniform(2D,10)",S8,C7,C7,"CG(HybridSchwarz(torch.float64, Inv(torch.float16), CUDSS), bsr_matmul=False)",False,0,1,10,393216,4709376,4.304490751486371e-10,"{'iterations': 33, 'residual norms': [9.633274185348503, 7.277185691239368, 2.674637316938899, 0.6692607079151451, 0.1944061227598861, 0.1351872285823789, 0.14031205594585036, 0.04223040089283094, 0.013812222481638175, 0.004251106794158352, 0.0025231108713830554, 0.0016174975291759306, 0.0008466009504540699, 0.0002653256443346801, 9.032322775825747e-05, 5.0574427365287826e-05, 4.1636283870753204e-05, 1.3140280429147707e-05, 6.11223369715788e-06, 3.208828192330611e-06, 1.765610680164735e-06, 1.4088053481874436e-06, 5.736203145780083e-07, 3.0464352438539727e-07, 9.888125873579326e-08, 5.552919805906684e-08, 4.396130307389436e-08, 1.8078852929005575e-08, 8.570289687804509e-09, 5.897695637702953e-09, 3.5434881007612675e-09, 1.9396680604182587e-09, 8.072705637972546e-10, 4.304480534258153e-10], 'preconditioner metadata': [{}, {}, {}, {}, {}, {}, {}, {}, {}, {}, {}, {}, {}, {}, {}, {}, {}, {}, {}, {}, {}, {}, {}, {}, {}, {}, {}, {}, {}, {}, {}, {}, {}]}",,"[38.518497467041016, 38.44838333129883, 38.40291213989258, 38.36444854736328, 38.33059310913086, 38.354270935058594, 38.325408935546875, 38.3441276550293, 38.3256950378418, 38.44348907470703]",[7.078048229217529],[750.453369140625],[960.23291015625],[0.29151999950408936],[0.4175359904766083],
2025-12-26T12:26:37.247880+00:00,continuous coefficient 2D,1,"uniform(2D,10)",S8,C7,C7,"CG(AMGX(L1_TRUNC, torch.float32), bsr_matmul=False)",False,0,1,10,393216,4709376,4.1873158379275367e-10,"{'iterations': 35, 'residual norms': [0.4330313403681072, 5.491172562789278, 3.2486071768077758, 1.9771879949025386, 1.031164429335558, 0.4648863185570974, 0.21266062635061583, 0.10374921526709498, 0.05352477710806281, 0.027137350058752428, 0.013324537728402341, 0.006756835666003511, 0.0034980634213513787, 0.0016578399101411837, 0.0007918989442344374, 0.000409780700604365, 0.00021614788738494642, 0.000107211743539453, 5.199574807867407e-05, 2.5937806520270093e-05, 1.3208189456339932e-05, 6.703438308344025e-06, 3.340054823423904e-06, 1.663274737602979e-06, 8.334834695540983e-07, 4.158735159780085e-07, 2.1063463982077031e-07, 1.0682216537587663e-07, 5.32481278143069e-08, 2.6620366353930325e-08, 1.339672982462589e-08, 6.703424822506152e-09, 3.3194499011345813e-09, 1.678313914168897e-09, 8.444429262537298e-10, 4.187309442736849e-10], 'preconditioner metadata': [{}, {}, {}, {}, {}, {}, {}, {}, {}, {}, {}, {}, {}, {}, {}, {}, {}, {}, {}, {}, {}, {}, {}, {}, {}, {}, {}, {}, {}, {}, {}, {}, {}, {}, {}]}",,"[39.704769134521484, 39.253536224365234, 39.04800033569336, 39.13478469848633, 38.88275146484375, 39.181663513183594, 39.47987365722656, 39.068702697753906, 39.40153503417969, 39.096160888671875]",[6.784192085266113],[753.8765258789062],[73.77581024169922],[1.1378240585327148],[0.4073599874973297],
2025-12-26T12:26:38.940985+00:00,continuous coefficient 2D,1,"uniform(2D,10)",S8,C7,C7,"CG(AMGX(L1_TRUNC, None), bsr_matmul=False)",False,0,1,10,393216,4709376,4.187330051582563e-10,"{'iterations': 35, 'residual norms': [0.4330313403681072, 5.491177725433891, 3.2486117422866903, 1.9771918639525812, 1.0311666448825731, 0.4648875649100687, 0.21266116460988058, 0.10374945803839894, 0.05352490276346927, 0.02713742625376696, 0.013324575141323304, 0.006756853304437102, 0.0034980728946682293, 0.001657845061099683, 0.0007919013499450262, 0.00040978184214176535, 0.00021614854171608463, 0.00010721211006794638, 5.199594096087614e-05, 2.5937906330610814e-05, 1.3208242694866402e-05, 6.703468635543552e-06, 3.3400698697651963e-06, 1.6632817513693216e-06, 8.334874487724149e-07, 4.158754998372295e-07, 2.106356054749909e-07, 1.0682264981709024e-07, 5.324837166470357e-08, 2.662048511039804e-08, 1.3396785080625452e-08, 6.703453056115513e-09, 3.319463702705042e-09, 1.6783207406533482e-09, 8.444460947830996e-10, 4.1873251804815786e-10], 'preconditioner metadata': [{}, {}, {}, {}, {}, {}, {}, {}, {}, {}, {}, {}, {}, {}, {}, {}, {}, {}, {}, {}, {}, {}, {}, {}, {}, {}, {}, {}, {}, {}, {}, {}, {}, {}, {}]}",,"[52.581825256347656, 52.307838439941406, 52.1868782043457, 52.19839859008789, 52.23798370361328, 52.23379135131836, 52.22550582885742, 52.16630554199219, 52.16115188598633, 52.19865417480469]",[6.883296012878418],[749.5323486328125],[85.34329223632812],[0.5231040120124817],[0.40166398882865906],
2025-12-26T12:26:43.354284+00:00,continuous coefficient 2D,1,"uniform(2D,10)",S9,C8,C8,"CG(AdditiveSchwarz(torch.float32, Inv(torch.float16), CUDSS, const_dofs_per_coarse=False), bsr_matmul=True)",False,0,1,10,1572864,18855936,1.9197767233764786e-10,"{'iterations': 62, 'residual norms': [0.21659692317542173, 9.639761800560668, 7.494124291498531, 5.510761194906788, 0.9631680355777166, 0.3201220720439228, 0.11305120592774745, 0.055174138610974935, 0.0683264556878797, 0.06271479214961824, 0.031238747002723794, 0.01729796570939118, 0.008624204034189693, 0.00934318806706829, 0.009014003829056318, 0.00548264848777761, 0.002562014958323592, 0.0015396132711043029, 0.0011358893179345298, 0.0014746387406583703, 0.0006381082469454159, 0.00032109441642540584, 0.00022981655284267627, 0.000249820683762271, 0.00015859015248292517, 0.00012041635562028892, 7.218334763392502e-05, 2.7070044661514823e-05, 2.8135077132043866e-05, 2.898837175593381e-05, 1.2230300132956269e-05, 9.949678004829352e-06, 5.070552548214203e-06, 3.721725429524376e-06, 3.6196522386376036e-06, 2.9052815603555137e-06, 1.714261398784601e-06, 1.0812350486812275e-06, 6.400661444820688e-07, 5.664487151591109e-07, 3.9735825155502026e-07, 3.1595872407245404e-07, 1.9474370700111627e-07, 1.2866242802327867e-07, 1.0054351667081802e-07, 8.638446375028772e-08, 4.808716525808472e-08, 2.870972884102196e-08, 2.5642973142686682e-08, 2.0926601268237118e-08, 1.3244533091017875e-08, 1.0204280036983725e-08, 6.397314364552626e-09, 3.4549749712637596e-09, 2.8187734814243554e-09, 2.751657234276364e-09, 1.7033624995247806e-09, 1.0234618899204534e-09, 7.201427914724729e-10, 4.881533157706446e-10, 4.1133835167090586e-10, 3.129916836337813e-10, 1.9197482696496266e-10], 'preconditioner metadata': [{}, {}, {}, {}, {}, {}, {}, {}, {}, {}, {}, {}, {}, {}, {}, {}, {}, {}, {}, {}, {}, {}, {}, {}, {}, {}, {}, {}, {}, {}, {}, {}, {}, {}, {}, {}, {}, {}, {}, {}, {}, {}, {}, {}, {}, {}, {}, {}, {}, {}, {}, {}, {}, {}, {}, {}, {}, {}, {}, {}, {}, {}]}",,"[416.2751770019531, 129.3633575439453, 129.76963806152344, 134.94960021972656, 129.4416961669922, 129.29737854003906, 129.24525451660156, 129.19337463378906, 129.7057342529297, 129.2243194580078]",[26.293920516967773],[835.3123168945312],[1384.8424072265625],[1.4264960289001465],[1.1981760263442993],
2025-12-26T12:26:47.089790+00:00,continuous coefficient 2D,1,"uniform(2D,10)",S9,C8,C8,"CG(HybridSchwarz(torch.float64, Inv(torch.float16), CUDSS), bsr_matmul=True)",False,0,1,10,1572864,18855936,1.6087563896235203e-10,"{'iterations': 34, 'residual norms': [9.635907657229243, 7.286631415900748, 2.0608336245620515, 0.5321200000877114, 0.15038981940511117, 0.09402279617850488, 0.09372308182397959, 0.035376130186506316, 0.009654124530016022, 0.0030954071437170085, 0.0016025174181081643, 0.0012094248907768515, 0.0006515090183545178, 0.00011866742175650005, 5.543526005814302e-05, 2.237849531506662e-05, 2.399231971088869e-05, 7.381634121746446e-06, 3.2993290963743725e-06, 1.6829226313327694e-06, 1.1400092142526175e-06, 7.908828153092975e-07, 3.1456037238813337e-07, 1.8649604445214135e-07, 7.13354600676953e-08, 4.86595059991739e-08, 2.9528528509962672e-08, 1.1224711070156543e-08, 4.927698571655417e-09, 3.6147393812716177e-09, 2.1749293164556753e-09, 1.0337463188771373e-09, 4.657870013545742e-10, 2.3304236060856435e-10, 1.6087388168809515e-10], 'preconditioner metadata': [{}, {}, {}, {}, {}, {}, {}, {}, {}, {}, {}, {}, {}, {}, {}, {}, {}, {}, {}, {}, {}, {}, {}, {}, {}, {}, {}, {}, {}, {}, {}, {}, {}, {}]}",,"[195.1274871826172, 103.1435546875, 103.08723449707031, 103.01862335205078, 103.10259246826172, 103.07411193847656, 103.37100982666016, 103.13180541992188, 103.05977630615234, 103.08464050292969]",[26.69094467163086],[831.5365600585938],[1328.943603515625],[1.4029120206832886],[1.2006080150604248],
2025-12-26T12:26:50.117024+00:00,continuous coefficient 2D,1,"uniform(2D,10)",S9,C8,C8,"CG(AMGX(L1_TRUNC, torch.float32), bsr_matmul=True)",False,0,1,10,1572864,18855936,1.6723754420516053e-10,"{'iterations': 36, 'residual norms': [0.21659692317542173, 5.418590890798044, 3.1449071040033947, 1.8804379680310932, 1.0102372806403477, 0.4585765654875807, 0.2053180527219688, 0.0980958804908831, 0.050386255236518664, 0.025788013994324403, 0.012426631775249278, 0.0061720785778390085, 0.003184719488590014, 0.0015184199907027276, 0.0007167647328555, 0.0003633383379879963, 0.00018921771576006332, 9.354076059713325e-05, 4.5283434433485496e-05, 2.2362363483652076e-05, 1.1410952594081823e-05, 5.7894548506267355e-06, 2.864929586378483e-06, 1.4108005790017226e-06, 7.016731657059233e-07, 3.512074743276071e-07, 1.7668718995759335e-07, 8.890745191847262e-08, 4.401211485676204e-08, 2.1710788419776794e-08, 1.0826719556145157e-08, 5.450572172794365e-09, 2.7024091720271746e-09, 1.3452550291692716e-09, 6.757484320655084e-10, 3.3853895129685415e-10, 1.672365517069902e-10], 'preconditioner metadata': [{}, {}, {}, {}, {}, {}, {}, {}, {}, {}, {}, {}, {}, {}, {}, {}, {}, {}, {}, {}, {}, {}, {}, {}, {}, {}, {}, {}, {}, {}, {}, {}, {}, {}, {}, {}]}",,"[234.1129913330078, 141.5847625732422, 141.66000366210938, 141.5979461669922, 141.3062744140625, 141.52377319335938, 141.9554901123047, 142.0016326904297, 141.4099884033203, 141.98077392578125]",[26.601152420043945],[834.465087890625],[177.48626708984375],[1.4411200284957886],[1.1868480443954468],
2025-12-26T12:26:53.661367+00:00,continuous coefficient 2D,1,"uniform(2D,10)",S9,C8,C8,"CG(AMGX(L1_TRUNC, None), bsr_matmul=True)",False,0,1,10,1572864,18855936,1.6724147467840915e-10,"{'iterations': 36, 'residual norms': [0.21659692317542173, 5.418616339745645, 3.144922475158219, 1.8804473507291148, 1.010240522857735, 0.45857856278510983, 0.20531920534422252, 0.09809631678221184, 0.050386493778974584, 0.02578817306007377, 0.012426708808801, 0.0061721183441589824, 0.0031847400836997213, 0.0015184295482353434, 0.0007167696324447888, 0.00036334044461080073, 0.0001892187986619387, 9.354144738555363e-05, 4.528372877494515e-05, 2.2362484158137166e-05, 1.1411029412090283e-05, 5.789496216241013e-06, 2.864946238843905e-06, 1.4108100540957155e-06, 7.016784102955486e-07, 3.512098082340474e-07, 1.7668826615073842e-07, 8.890803832228297e-08, 4.4012399387572825e-08, 2.1710922270920467e-08, 1.0826781206084059e-08, 5.450602863060423e-09, 2.702425905713762e-09, 1.3452624424585149e-09, 6.757517200991345e-10, 3.3854064351489376e-10, 1.6723746444447017e-10], 'preconditioner metadata': [{}, {}, {}, {}, {}, {}, {}, {}, {}, {}, {}, {}, {}, {}, {}, {}, {}, {}, {}, {}, {}, {}, {}, {}, {}, {}, {}, {}, {}, {}, {}, {}, {}, {}, {}, {}]}",,"[282.60784912109375, 186.09292602539062, 185.86508178710938, 185.5161895751953, 187.0723876953125, 187.42950439453125, 187.10531616210938, 187.65023803710938, 186.3804168701172, 186.0633544921875]",[26.360383987426758],[851.6432495117188],[214.8896942138672],[1.4504319429397583],[1.190176010131836],
2025-12-26T12:26:56.643939+00:00,continuous coefficient 2D,1,"uniform(2D,10)",S9,C8,C8,"AMGX(CG_L1_TRUNC, None)",False,0,1,10,1572864,18855936,1.6724253302195411e-10,{},,"[141.838623046875, 141.66680908203125, 141.6976318359375, 141.6637420654297, 141.64956665039062, 141.6689910888672, 141.76124572753906, 141.72915649414062, 141.62413024902344, 141.8131561279297]",[26.553375244140625],[846.047119140625],[186.52928161621094],[1.472000002861023],[1.2454400062561035],
2025-12-26T12:27:00.574059+00:00,continuous coefficient 2D,1,"uniform(2D,10)",S9,C8,C8,"CG(AdditiveSchwarz(torch.float32, Inv(torch.float16), CUDSS, const_dofs_per_coarse=False), bsr_matmul=False)",False,0,1,10,1572864,18855936,1.91976475617095e-10,"{'iterations': 62, 'residual norms': [0.21659692317542173, 9.639761587935407, 7.494123907702501, 5.510761514380833, 0.9631678749251841, 0.3201214550601516, 0.11305114404683059, 0.05517420034477477, 0.06832644526193822, 0.06271347269840417, 0.03123836828065664, 0.017297770629074363, 0.008624106267957392, 0.00934322413426627, 0.009013907892386352, 0.005482560230139914, 0.0025619990370163636, 0.0015395392527832094, 0.0011358982871739521, 0.001474629858606694, 0.0006381173797043581, 0.00032109842453144653, 0.00022981610466523778, 0.0002498191652964188, 0.00015858813671396774, 0.00012041633474266801, 7.218087173193471e-05, 2.7069737890807665e-05, 2.813498165070271e-05, 2.8988635065187582e-05, 1.223035189036171e-05, 9.949666545627289e-06, 5.0705871806101634e-06, 3.7217243022153278e-06, 3.6196558003612964e-06, 2.905266179371739e-06, 1.7142555929183318e-06, 1.0812169698851413e-06, 6.400612815046224e-07, 5.664430079682657e-07, 3.973555080690206e-07, 3.1595197834987235e-07, 1.947423447119193e-07, 1.2866059046055483e-07, 1.005427911794238e-07, 8.638388616374212e-08, 4.808712433162358e-08, 2.870968146238511e-08, 2.5642793905631038e-08, 2.0926591990078007e-08, 1.3244560992547554e-08, 1.0204158927787686e-08, 6.397145243774067e-09, 3.454920308376534e-09, 2.818709756996246e-09, 2.7516190775789603e-09, 1.7033647078328522e-09, 1.0234586913872647e-09, 7.201395551391086e-10, 4.881501740914019e-10, 4.113335532104735e-10, 3.129871274065068e-10, 1.9197266862191838e-10], 'preconditioner metadata': [{}, {}, {}, {}, {}, {}, {}, {}, {}, {}, {}, {}, {}, {}, {}, {}, {}, {}, {}, {}, {}, {}, {}, {}, {}, {}, {}, {}, {}, {}, {}, {}, {}, {}, {}, {}, {}, {}, {}, {}, {}, {}, {}, {}, {}, {}, {}, {}, {}, {}, {}, {}, {}, {}, {}, {}, {}, {}, {}, {}, {}, {}]}",,"[132.63885498046875, 132.54722595214844, 132.46470642089844, 133.1702117919922, 133.5556182861328, 133.5996856689453, 133.41065979003906, 133.54432678222656, 133.0445098876953, 132.53135681152344]",[26.44278335571289],[849.28759765625],[1274.465087890625],[1.2287360429763794],[1.1974719762802124],
2025-12-26T12:27:04.273234+00:00,continuous coefficient 2D,1,"uniform(2D,10)",S9,C8,C8,"CG(HybridSchwarz(torch.float64, Inv(torch.float16), CUDSS), bsr_matmul=False)",False,0,1,10,1572864,18855936,1.6087445270321423e-10,"{'iterations': 34, 'residual norms': [9.635907657229245, 7.286631415900753, 2.060833624562056, 0.5321200000877131, 0.15038981940511195, 0.09402279617850541, 0.09372308182398033, 0.035376130186506635, 0.009654124530016017, 0.0030954071437169777, 0.0016025174181080572, 0.0012094248907766451, 0.000651509018354304, 0.00011866742175643759, 5.543526005785327e-05, 2.2378495314761796e-05, 2.3992319708998828e-05, 7.381634120852743e-06, 3.2993290957582674e-06, 1.682922630673663e-06, 1.1400092128970005e-06, 7.908828135627021e-07, 3.1456037148933295e-07, 1.8649604335260322e-07, 7.133545954317897e-08, 4.865950501292653e-08, 2.9528527579138413e-08, 1.1224710595434716e-08, 4.9276980107719984e-09, 3.614738368955743e-09, 2.174928218495755e-09, 1.0337454454961756e-09, 4.657863866999268e-10, 2.3304148082364357e-10, 1.6087246616546306e-10], 'preconditioner metadata': [{}, {}, {}, {}, {}, {}, {}, {}, {}, {}, {}, {}, {}, {}, {}, {}, {}, {}, {}, {}, {}, {}, {}, {}, {}, {}, {}, {}, {}, {}, {}, {}, {}, {}]}",,"[105.46249389648438, 105.40016174316406, 105.27708435058594, 105.26656341552734, 105.29254150390625, 105.35794830322266, 105.31613159179688, 105.31423950195312, 105.21046447753906, 105.20521545410156]",[26.34592056274414],[849.5103759765625],[1347.45703125],[3.1614720821380615],[1.1827839612960815],
2025-12-26T12:27:06.978907+00:00,continuous coefficient 2D,1,"uniform(2D,10)",S9,C8,C8,"CG(AMGX(L1_TRUNC, torch.float32), bsr_matmul=False)",False,0,1,10,1572864,18855936,1.672387545077964e-10,"{'iterations': 36, 'residual norms': [0.21659692317542173, 5.418590890798718, 3.1449071040037517, 1.8804379680290764, 1.0102372803634405, 0.45857656500849975, 0.20531805222218175, 0.09809588004427555, 0.05038625534139075, 0.025788013977568282, 0.012426631815144301, 0.006172078602177511, 0.0031847195094409256, 0.0015184199990526694, 0.00071676473777831, 0.0003633383402922651, 0.00018921771626373757, 9.354076107429095e-05, 4.528343454826903e-05, 2.236236352044009e-05, 1.1410952592429516e-05, 5.78945485896258e-06, 2.8649295922632465e-06, 1.4108005770897624e-06, 7.016731611682083e-07, 3.5120746994787133e-07, 1.7668718716110735e-07, 8.890744996727312e-08, 4.401211386738519e-08, 2.1710787746059116e-08, 1.0826719133936947e-08, 5.450571995151476e-09, 2.7024090688082877e-09, 1.3452549802092287e-09, 6.757484053353698e-10, 3.3853894009525686e-10, 1.672365437877394e-10], 'preconditioner metadata': [{}, {}, {}, {}, {}, {}, {}, {}, {}, {}, {}, {}, {}, {}, {}, {}, {}, {}, {}, {}, {}, {}, {}, {}, {}, {}, {}, {}, {}, {}, {}, {}, {}, {}, {}, {}]}",,"[123.61430358886719, 123.22892761230469, 123.28457641601562, 123.42864227294922, 123.28857421875, 123.21148681640625, 123.50150299072266, 123.21369934082031, 123.2540512084961, 123.35446166992188]",[26.807296752929688],[852.7154541015625],[148.07107543945312],[1.4421119689941406],[1.181439995765686],
2025-12-26T12:27:10.168357+00:00,continuous coefficient 2D,1,"uniform(2D,10)",S9,C8,C8,"CG(AMGX(L1_TRUNC, None), bsr_matmul=False)",False,0,1,10,1572864,18855936,1.6724209503944337e-10,"{'iterations': 36, 'residual norms': [0.21659692317542173, 5.418616339745639, 3.1449224751582148, 1.8804473507291126, 1.0102405228577336, 0.4585785627851092, 0.20531920534422224, 0.09809631678221167, 0.050386493778974493, 0.025788173060073732, 0.012426708808800981, 0.006172118344158971, 0.003184740083699717, 0.001518429548235341, 0.0007167696324447882, 0.00036334044461080024, 0.00018921879866193837, 9.354144738555345e-05, 4.528372877494509e-05, 2.2362484158137125e-05, 1.1411029412090262e-05, 5.789496216241002e-06, 2.864946238843899e-06, 1.4108100540957134e-06, 7.016784102955475e-07, 3.5120980823404693e-07, 1.7668826615073815e-07, 8.890803832228281e-08, 4.401239938757275e-08, 2.171092227092045e-08, 1.0826781206084055e-08, 5.450602863060422e-09, 2.702425905713761e-09, 1.3452624424585149e-09, 6.757517200991346e-10, 3.385406435148942e-10, 1.6723746444447042e-10], 'preconditioner metadata': [{}, {}, {}, {}, {}, {}, {}, {}, {}, {}, {}, {}, {}, {}, {}, {}, {}, {}, {}, {}, {}, {}, {}, {}, {}, {}, {}, {}, {}, {}, {}, {}, {}, {}, {}, {}]}",,"[167.66355895996094, 167.7907257080078, 167.9277801513672, 167.9228515625, 167.46432495117188, 167.3297576904297, 167.26626586914062, 167.30307006835938, 167.37939453125, 167.2756805419922]",[26.731775283813477],[846.447265625],[195.647705078125],[1.4470720291137695],[1.1804800033569336],
2025-12-26T12:27:19.478120+00:00,continuous coefficient 2D,1,"uniform(2D,10)",S10,C9,C9,"CG(AdditiveSchwarz(torch.float32, Inv(torch.float16), CUDSS, const_dofs_per_coarse=False), bsr_matmul=True)",False,0,1,10,6291456,75460608,9.04882654644035e-11,"{'iterations': 63, 'residual norms': [0.108308620567285, 9.63751491728128, 7.395120122132934, 4.621595628939692, 0.848523833591789, 0.25626330838387207, 0.0874153010318781, 0.037403578461182786, 0.05224658871434194, 0.04619089822093822, 0.02565178786332053, 0.011307482647852404, 0.006122110639892015, 0.006558755868803222, 0.006673940152691188, 0.003486813113501064, 0.0017183031343127354, 0.0011986544028243673, 0.0008407908370467456, 0.0009607661944150526, 0.0005101528485836163, 0.00024041305094117668, 0.00014820819156134872, 0.00018523701523709066, 9.959904407766703e-05, 9.255059342502575e-05, 3.8142531668618116e-05, 1.7858638611602118e-05, 2.403098011969372e-05, 1.6864781113818717e-05, 8.952421753465919e-06, 7.0123872315271534e-06, 3.706602698904038e-06, 2.8002913874127053e-06, 2.70158476773009e-06, 1.910572473271965e-06, 1.2903467151783257e-06, 7.317325257481945e-07, 5.595999420009813e-07, 4.112885358808171e-07, 3.1103826750366217e-07, 2.0296718844809294e-07, 1.4433842662520049e-07, 9.205896022108794e-08, 8.924113907778093e-08, 5.962296290049736e-08, 3.429937147656427e-08, 2.0141846600655375e-08, 1.9409117952011507e-08, 1.3107181860199301e-08, 1.0170914919210641e-08, 7.592936663831968e-09, 4.39553107310825e-09, 2.370795168748327e-09, 2.1763507179194287e-09, 1.9820471891865922e-09, 1.1048426208312226e-09, 7.387324268932786e-10, 5.155408750521383e-10, 3.84188740625002e-10, 3.1017421855181205e-10, 2.067608649202275e-10, 1.327463850579261e-10, 9.046155861903927e-11], 'preconditioner metadata': [{}, {}, {}, {}, {}, {}, {}, {}, {}, {}, {}, {}, {}, {}, {}, {}, {}, {}, {}, {}, {}, {}, {}, {}, {}, {}, {}, {}, {}, {}, {}, {}, {}, {}, {}, {}, {}, {}, {}, {}, {}, {}, {}, {}, {}, {}, {}, {}, {}, {}, {}, {}, {}, {}, {}, {}, {}, {}, {}, {}, {}, {}, {}]}",,"[740.4061889648438, 424.1237487792969, 423.97344970703125, 423.9407043457031, 423.9729919433594, 424.1194763183594, 424.2299499511719, 423.92279052734375, 424.02569580078125, 423.9385681152344]",[90.91641235351562],[1106.7901611328125],[2126.24267578125],[5.325632095336914],[4.328415870666504],
2025-12-26T12:27:26.999012+00:00,continuous coefficient 2D,1,"uniform(2D,10)",S10,C9,C9,"CG(HybridSchwarz(torch.float64, Inv(torch.float16), CUDSS), bsr_matmul=True)",False,0,1,10,6291456,75460608,1.0797303055944268e-10,"{'iterations': 34, 'residual norms': [9.6365665054874, 7.288121239971511, 1.8511884425091771, 0.4332770076390012, 0.11232372488045093, 0.06862304612209662, 0.06430409580463953, 0.027479607546643522, 0.006850342647059124, 0.0022073019795379564, 0.0010214968621050043, 0.0009003491615170167, 0.0005169479740126948, 5.840039369237094e-05, 3.568211792096634e-05, 1.2672688003369707e-05, 1.3566269887457154e-05, 4.358527015297909e-06, 2.0734042055413894e-06, 9.179929522502543e-07, 5.990385487378814e-07, 4.478830018336381e-07, 1.9879671893357318e-07, 1.259154189703638e-07, 5.766919107425116e-08, 4.192594384825922e-08, 2.094769398534986e-08, 7.925976630120253e-09, 3.780863630650918e-09, 2.6520131128747953e-09, 1.5337021915285177e-09, 7.59506999137528e-10, 3.6065019751554406e-10, 1.6421100076654282e-10, 1.0796032200090627e-10], 'preconditioner metadata': [{}, {}, {}, {}, {}, {}, {}, {}, {}, {}, {}, {}, {}, {}, {}, {}, {}, {}, {}, {}, {}, {}, {}, {}, {}, {}, {}, {}, {}, {}, {}, {}, {}, {}]}",,"[386.422119140625, 296.18212890625, 296.6690368652344, 297.0578918457031, 296.4040832519531, 296.16168212890625, 296.204833984375, 296.33056640625, 296.7502136230469, 296.63031005859375]",[91.24256134033203],[1099.810791015625],[2444.32763671875],[5.165984153747559],[4.294047832489014],
2025-12-26T12:27:34.482856+00:00,continuous coefficient 2D,1,"uniform(2D,10)",S10,C9,C9,"CG(AMGX(L1_TRUNC, torch.float32), bsr_matmul=True)",False,0,1,10,6291456,75460608,7.181134873799287e-11,"{'iterations': 38, 'residual norms': [0.108308620567285, 5.4414205580815045, 3.2885242427324166, 2.0020032260593816, 1.0582357155942572, 0.4792512842267183, 0.21822034339492077, 0.10623187626900253, 0.054507756755858665, 0.027769508008613244, 0.01366992170356136, 0.00687891166593138, 0.0035649905808717948, 0.0016999237023000938, 0.0008022531276147764, 0.00041016360202393207, 0.00021721959707574615, 0.00010783790449920388, 5.2047575258714346e-05, 2.5932738108597898e-05, 1.3293786671237225e-05, 6.749056432443528e-06, 3.3795864863492157e-06, 1.7019995584487609e-06, 8.672695381964395e-07, 4.420255854876182e-07, 2.2741405686457478e-07, 1.1813689925160151e-07, 6.076282157642044e-08, 3.092837457494634e-08, 1.5871753133418372e-08, 8.15383234263202e-09, 4.148028240287964e-09, 2.125953220850666e-09, 1.08772481198112e-09, 5.496066827152346e-10, 2.764141114423359e-10, 1.4005019880349522e-10, 7.17890714617392e-11], 'preconditioner metadata': [{}, {}, {}, {}, {}, {}, {}, {}, {}, {}, {}, {}, {}, {}, {}, {}, {}, {}, {}, {}, {}, {}, {}, {}, {}, {}, {}, {}, {}, {}, {}, {}, {}, {}, {}, {}, {}, {}]}",,"[570.4620361328125, 477.3011169433594, 475.3667907714844, 475.6228942871094, 477.737060546875, 476.0784912109375, 475.3146667480469, 476.4622802734375, 478.1235656738281, 476.618408203125]",[92.54550170898438],[1120.6278076171875],[552.1362915039062],[5.386752128601074],[4.27564811706543],
2025-12-26T12:27:43.881237+00:00,continuous coefficient 2D,1,"uniform(2D,10)",S10,C9,C9,"CG(AMGX(L1_TRUNC, None), bsr_matmul=True)",False,0,1,10,6291456,75460608,7.126090852601349e-11,"{'iterations': 38, 'residual norms': [0.108308620567285, 5.404551024833249, 3.26774487045905, 1.9879864958348212, 1.0507455139013955, 0.47523858137123304, 0.21636949183906418, 0.10536570221507371, 0.0541403552496547, 0.027533161253205717, 0.013549800442011201, 0.006827285452994601, 0.0035364496594153046, 0.0016846491706269803, 0.0007958210261478589, 0.0004071061627848091, 0.00021571262439989405, 0.00010702569363909027, 5.163176774480145e-05, 2.577195289452329e-05, 1.322192114242357e-05, 6.696389271092203e-06, 3.3570256660580357e-06, 1.6925408812461656e-06, 8.614808367642117e-07, 4.3909395148097504e-07, 2.2616570250072654e-07, 1.1741540705891997e-07, 6.035680508247512e-08, 3.070429740070923e-08, 1.5750073648880487e-08, 8.086574077958884e-09, 4.1081574775551465e-09, 2.105587574635061e-09, 1.0781709047218506e-09, 5.44558853239546e-10, 2.7366801504636156e-10, 1.3883745388221499e-10, 7.123761365206441e-11], 'preconditioner metadata': [{}, {}, {}, {}, {}, {}, {}, {}, {}, {}, {}, {}, {}, {}, {}, {}, {}, {}, {}, {}, {}, {}, {}, {}, {}, {}, {}, {}, {}, {}, {}, {}, {}, {}, {}, {}, {}, {}]}",,"[743.2310180664062, 648.6399536132812, 648.4081420898438, 648.0655517578125, 648.2676391601562, 647.8726806640625, 647.9857177734375, 648.348388671875, 650.3549194335938, 648.2818603515625]",[91.5000991821289],[1113.388427734375],[694.226806640625],[5.312511920928955],[4.336927890777588],
2025-12-26T12:27:52.149932+00:00,continuous coefficient 2D,1,"uniform(2D,10)",S10,C9,C9,"AMGX(CG_L1_TRUNC, None)",False,0,1,10,6291456,75460608,7.126097672615817e-11,{},,"[549.2732543945312, 549.416259765625, 549.027099609375, 548.9493408203125, 549.1473999023438, 549.0253295898438, 549.004150390625, 549.2056274414062, 549.0739135742188, 548.9678344726562]",[92.68649291992188],[1151.184814453125],[581.9467163085938],[5.27894401550293],[4.4007039070129395],
2025-12-26T12:28:00.612250+00:00,continuous coefficient 2D,1,"uniform(2D,10)",S10,C9,C9,"CG(AdditiveSchwarz(torch.float32, Inv(torch.float16), CUDSS, const_dofs_per_coarse=False), bsr_matmul=False)",False,0,1,10,6291456,75460608,9.048578733787768e-11,"{'iterations': 63, 'residual norms': [0.108308620567285, 9.637515663972199, 7.395121495842211, 4.621595131678154, 0.8485236536452895, 0.256264034599024, 0.08741529454768585, 0.037403606939485017, 0.052246566393272346, 0.04618854614559482, 0.025651533210673406, 0.011307448026632728, 0.006122109024572383, 0.006558795734889225, 0.006673889888377257, 0.003486779109636146, 0.0017183073094456415, 0.0011986371877695126, 0.0008407927064081851, 0.0009607688926893133, 0.0005101519931045282, 0.00024041228705663835, 0.00014820743535586347, 0.00018523899990629655, 9.959803687000964e-05, 9.25509488248768e-05, 3.8140528298491194e-05, 1.7858655966779956e-05, 2.4030965111445624e-05, 1.686426477568623e-05, 8.952377216704499e-06, 7.012371033036896e-06, 3.7066096021747714e-06, 2.8003169808156545e-06, 2.7015914410787244e-06, 1.910551896742484e-06, 1.2903336635904288e-06, 7.317148998118733e-07, 5.595991432940032e-07, 4.1126917106494716e-07, 3.110355474029269e-07, 2.0296239837765957e-07, 1.4433813642932336e-07, 9.205741541306614e-08, 8.924205350832392e-08, 5.962212663401794e-08, 3.4298861470124925e-08, 2.014186518342336e-08, 1.940918719208721e-08, 1.3107090593847634e-08, 1.0170771378963034e-08, 7.59280965703053e-09, 4.395296284136159e-09, 2.3707415119063104e-09, 2.1763552395637863e-09, 1.9819816943393073e-09, 1.1047859463134783e-09, 7.387213457243991e-10, 5.155312716848856e-10, 3.841824334535197e-10, 3.101716881947791e-10, 2.0675586298553182e-10, 1.3274256644794766e-10, 9.045871581987576e-11], 'preconditioner metadata': [{}, {}, {}, {}, {}, {}, {}, {}, {}, {}, {}, {}, {}, {}, {}, {}, {}, {}, {}, {}, {}, {}, {}, {}, {}, {}, {}, {}, {}, {}, {}, {}, {}, {}, {}, {}, {}, {}, {}, {}, {}, {}, {}, {}, {}, {}, {}, {}, {}, {}, {}, {}, {}, {}, {}, {}, {}, {}, {}, {}, {}, {}, {}]}",,"[442.8565673828125, 441.5614013671875, 441.357421875, 442.4161376953125, 442.34991455078125, 441.44183349609375, 441.3841857910156, 442.1907958984375, 442.47381591796875, 441.4665222167969]",[93.74009704589844],[1163.7445068359375],[1939.7152099609375],[5.087711811065674],[4.380288124084473],
2025-12-26T12:28:08.084490+00:00,continuous coefficient 2D,1,"uniform(2D,10)",S10,C9,C9,"CG(HybridSchwarz(torch.float64, Inv(torch.float16), CUDSS), bsr_matmul=False)",False,0,1,10,6291456,75460608,1.0797575990211533e-10,"{'iterations': 34, 'residual norms': [9.636566505487396, 7.288121239971589, 1.851188442509192, 0.43327700763900884, 0.1123237248804555, 0.06862304612209563, 0.06430409580463513, 0.027479607546641333, 0.006850342647058659, 0.0022073019795383923, 0.0010214968621010503, 0.0009003491615105479, 0.0005169479740080273, 5.8400393691716193e-05, 3.568211791949343e-05, 1.2672688002267242e-05, 1.3566269880874613e-05, 4.358527012260375e-06, 2.0734042039398424e-06, 9.17992951604765e-07, 5.990385476250163e-07, 4.4788299997838964e-07, 1.987967180913857e-07, 1.2591541902411154e-07, 5.766919159255897e-08, 4.192594530608897e-08, 2.094769501503698e-08, 7.925977162266473e-09, 3.7808649517242274e-09, 2.652016311496231e-09, 1.5337057737716818e-09, 7.595098957164279e-10, 3.606520092193345e-10, 1.642124734524334e-10, 1.0796211017211568e-10], 'preconditioner metadata': [{}, {}, {}, {}, {}, {}, {}, {}, {}, {}, {}, {}, {}, {}, {}, {}, {}, {}, {}, {}, {}, {}, {}, {}, {}, {}, {}, {}, {}, {}, {}, {}, {}, {}]}",,"[306.8482666015625, 306.4478454589844, 305.9573974609375, 305.8411560058594, 305.88433837890625, 306.16070556640625, 306.17987060546875, 306.48162841796875, 305.9322204589844, 305.77325439453125]",[92.07830047607422],[1123.171142578125],[2321.188720703125],[10.84768009185791],[4.281888008117676],
2025-12-26T12:28:15.477331+00:00,continuous coefficient 2D,1,"uniform(2D,10)",S10,C9,C9,"CG(AMGX(L1_TRUNC, torch.float32), bsr_matmul=False)",False,0,1,10,6291456,75460608,7.181287475209764e-11,"{'iterations': 38, 'residual norms': [0.108308620567285, 5.441420558082672, 3.2885242472548875, 2.0020032286560037, 1.0582357196012688, 0.479251287298972, 0.21822034469041282, 0.10623187685778535, 0.054507757377545, 0.02776950828293064, 0.013669921847169635, 0.006878911752592756, 0.003564990630412807, 0.0016999237035586817, 0.0008022531243526571, 0.0004101636033341076, 0.00021721959530753764, 0.00010783790405341517, 5.2047575074678e-05, 2.5932738166421642e-05, 1.329378662171031e-05, 6.749056378041734e-06, 3.379586472883384e-06, 1.701999568923556e-06, 8.672695410020063e-07, 4.4202558436266316e-07, 2.2741405612987762e-07, 1.1813689885306353e-07, 6.076282097939595e-08, 3.092837422780113e-08, 1.587175292412612e-08, 8.1538322521166e-09, 4.148028236907881e-09, 2.125953235921945e-09, 1.0877248188883609e-09, 5.496066884097045e-10, 2.764141135257455e-10, 1.4005019963512395e-10, 7.178907231596129e-11], 'preconditioner metadata': [{}, {}, {}, {}, {}, {}, {}, {}, {}, {}, {}, {}, {}, {}, {}, {}, {}, {}, {}, {}, {}, {}, {}, {}, {}, {}, {}, {}, {}, {}, {}, {}, {}, {}, {}, {}, {}, {}]}",,"[481.4114685058594, 480.5069580078125, 480.47802734375, 481.2802734375, 480.7257995605469, 480.5632019042969, 480.9187316894531, 480.625, 480.3359680175781, 480.347900390625]",[92.74211120605469],[1132.4237060546875],[434.455810546875],[5.304319858551025],[4.311456203460693],
2025-12-26T12:28:24.693971+00:00,continuous coefficient 2D,1,"uniform(2D,10)",S10,C9,C9,"CG(AMGX(L1_TRUNC, None), bsr_matmul=False)",False,0,1,10,6291456,75460608,7.126087419757777e-11,"{'iterations': 38, 'residual norms': [0.108308620567285, 5.404551024833261, 3.267744870459058, 1.9879864958348223, 1.0507455139013977, 0.4752385813712338, 0.2163694918390644, 0.10536570221507381, 0.05414035524965474, 0.027533161253205714, 0.01354980044201119, 0.006827285452994596, 0.0035364496594153033, 0.0016846491706269796, 0.0007958210261478583, 0.00040710616278480876, 0.00021571262439989383, 0.00010702569363909011, 5.163176774480136e-05, 2.5771952894523237e-05, 1.3221921142423542e-05, 6.696389271092186e-06, 3.357025666058026e-06, 1.6925408812461601e-06, 8.614808367642084e-07, 4.390939514809731e-07, 2.2616570250072543e-07, 1.1741540705891934e-07, 6.035680508247477e-08, 3.0704297400709046e-08, 1.5750073648880394e-08, 8.086574077958834e-09, 4.108157477555122e-09, 2.1055875746350488e-09, 1.0781709047218446e-09, 5.445588532395434e-10, 2.736680150463604e-10, 1.388374538822145e-10, 7.123761365206418e-11], 'preconditioner metadata': [{}, {}, {}, {}, {}, {}, {}, {}, {}, {}, {}, {}, {}, {}, {}, {}, {}, {}, {}, {}, {}, {}, {}, {}, {}, {}, {}, {}, {}, {}, {}, {}, {}, {}, {}, {}, {}, {}]}",,"[648.7630004882812, 648.568115234375, 648.501220703125, 648.5079956054688, 648.6968383789062, 648.5303955078125, 648.5428466796875, 648.9432983398438, 648.5266723632812, 649.0682373046875]",[92.1448974609375],[1130.02685546875],[583.8674926757812],[5.273759841918945],[4.343200206756592],
